ds,holiday,lower_window,upper_window
2020-03-24,lockwdown,0,0
2020-03-25,lockwdown,0,0
2020-03-26,lockwdown,0,0
2020-03-27,lockwdown,0,0
2020-03-28,lockwdown,0,0
2020-03-29,lockwdown,0,0
2020-03-30,lockwdown,0,0
2020-03-31,lockwdown,0,0
2020-04-01,lockwdown,0,0
2020-04-02,lockwdown,0,0
2020-04-03,lockwdown,0,0
2020-04-04,lockwdown,0,0
2020-04-05,lockwdown,0,0
2020-04-06,lockwdown,0,0
2020-04-07,lockwdown,0,0
2020-04-08,lockwdown,0,0
2020-04-09,lockwdown,0,0
2020-04-10,lockwdown,0,0
2020-04-11,lockwdown,0,0
2020-04-12,lockwdown,0,0
2020-04-13,lockwdown,0,0
2020-04-14,lockwdown,0,0
2020-04-15,lockwdown,0,0
2020-04-16,lockwdown,0,0
2020-04-17,lockwdown,0,0
2020-04-18,lockwdown,0,0
2020-04-19,lockwdown,0,0
2020-04-20,lockwdown,0,0
2020-04-21,lockwdown,0,0
2020-04-22,lockwdown,0,0
2020-04-23,lockwdown,0,0
2020-04-24,lockwdown,0,0
2020-04-25,lockwdown,0,0
2020-04-26,lockwdown,0,0
2020-04-27,lockwdown,0,0
2020-04-28,lockwdown,0,0
2020-04-29,lockwdown,0,0
2020-04-30,lockwdown,0,0
2020-05-01,lockwdown,0,0
2020-05-02,lockwdown,0,0
2020-05-03,lockwdown,0,0
2020-05-04,lockwdown,0,0
2020-05-05,lockwdown,0,0
2020-05-06,lockwdown,0,0
2020-05-07,lockwdown,0,0
2020-05-08,lockwdown,0,0
2020-05-09,lockwdown,0,0
2020-05-10,lockwdown,0,0
2020-05-11,lockwdown,0,0
2020-05-12,lockwdown,0,0
2020-05-13,lockwdown,0,0
2020-05-14,lockwdown,0,0
2020-05-15,lockwdown,0,0
2020-05-16,lockwdown,0,0
2020-05-17,lockwdown,0,0
2020-05-18,lockwdown,0,0
2020-05-19,lockwdown,0,0
2020-05-20,lockwdown,0,0
2020-05-21,lockwdown,0,0
2020-05-22,lockwdown,0,0
2020-05-23,lockwdown,0,0
2020-05-24,lockwdown,0,0
2020-05-25,lockwdown,0,0
2020-05-26,lockwdown,0,0
2020-05-27,lockwdown,0,0
2020-05-28,lockwdown,0,0
2020-05-29,lockwdown,0,0
2020-05-30,lockwdown,0,0
2020-05-31,lockwdown,0,0
2021-04-05,lockwdown,0,0
2021-04-06,lockwdown,0,0
2021-04-07,lockwdown,0,0
2021-04-08,lockwdown,0,0
2021-04-09,lockwdown,0,0
2021-04-10,lockwdown,0,0
2021-04-11,lockwdown,0,0
2021-04-12,lockwdown,0,0
2021-04-13,lockwdown,0,0
2021-04-14,lockwdown,0,0
2021-04-15,lockwdown,0,0
2021-04-16,lockwdown,0,0
2021-04-17,lockwdown,0,0
2021-04-18,lockwdown,0,0
2021-04-19,lockwdown,0,0
2021-04-20,lockwdown,0,0
2021-04-21,lockwdown,0,0
2021-04-22,lockwdown,0,0
2021-04-23,lockwdown,0,0
2021-04-24,lockwdown,0,0
2021-04-25,lockwdown,0,0
2021-04-26,lockwdown,0,0
2021-04-27,lockwdown,0,0
2021-04-28,lockwdown,0,0
2021-04-29,lockwdown,0,0
2021-04-30,lockwdown,0,0
2021-05-01,lockwdown,0,0
2021-05-02,lockwdown,0,0
2021-05-03,lockwdown,0,0
2021-05-04,lockwdown,0,0
2021-05-05,lockwdown,0,0
2021-05-06,lockwdown,0,0
2021-05-07,lockwdown,0,0
2021-05-08,lockwdown,0,0
2021-05-09,lockwdown,0,0
2021-05-10,lockwdown,0,0
2021-05-11,lockwdown,0,0
2021-05-12,lockwdown,0,0
2021-05-13,lockwdown,0,0
2021-05-14,lockwdown,0,0
2021-05-15,lockwdown,0,0
2021-05-16,lockwdown,0,0
2021-05-17,lockwdown,0,0
2021-05-18,lockwdown,0,0
2021-05-19,lockwdown,0,0
2021-05-20,lockwdown,0,0
2021-05-21,lockwdown,0,0
2021-05-22,lockwdown,0,0
2021-05-23,lockwdown,0,0
2021-05-24,lockwdown,0,0
2021-05-25,lockwdown,0,0
2021-05-26,lockwdown,0,0
2021-05-27,lockwdown,0,0
2021-05-28,lockwdown,0,0
2021-05-29,lockwdown,0,0
2021-05-30,lockwdown,0,0
2021-05-31,lockwdown,0,0
2021-06-01,lockwdown,0,0
2021-06-02,lockwdown,0,0
2021-06-03,lockwdown,0,0
2021-06-04,lockwdown,0,0
2021-06-05,lockwdown,0,0
2021-06-06,lockwdown,0,0
2021-06-07,lockwdown,0,0
2021-06-08,lockwdown,0,0
2021-06-09,lockwdown,0,0
2021-06-10,lockwdown,0,0
2021-06-11,lockwdown,0,0
2021-06-12,lockwdown,0,0
2021-06-13,lockwdown,0,0
2021-06-14,lockwdown,0,0
2021-06-15,lockwdown,0,0
2020-09-19,svod_dates,0,0
2020-09-20,svod_dates,0,0
2020-09-21,svod_dates,0,0
2020-09-22,svod_dates,0,0
2020-09-23,svod_dates,0,0
2020-09-24,svod_dates,0,0
2020-09-25,svod_dates,0,0
2020-09-26,svod_dates,0,0
2020-09-27,svod_dates,0,0
2020-09-28,svod_dates,0,0
2020-09-29,svod_dates,0,0
2020-09-30,svod_dates,0,0
2020-10-01,svod_dates,0,0
2020-10-02,svod_dates,0,0
2020-10-03,svod_dates,0,0
2020-10-04,svod_dates,0,0
2020-10-05,svod_dates,0,0
2020-10-06,svod_dates,0,0
2020-10-07,svod_dates,0,0
2020-10-08,svod_dates,0,0
2020-10-09,svod_dates,0,0
2020-10-10,svod_dates,0,0
2020-10-11,svod_dates,0,0
2020-10-12,svod_dates,0,0
2020-10-13,svod_dates,0,0
2020-10-14,svod_dates,0,0
2020-10-15,svod_dates,0,0
2020-10-16,svod_dates,0,0
2020-10-17,svod_dates,0,0
2020-10-18,svod_dates,0,0
2020-10-19,svod_dates,0,0
2020-10-20,svod_dates,0,0
2020-10-21,svod_dates,0,0
2020-10-22,svod_dates,0,0
2020-10-23,svod_dates,0,0
2020-10-24,svod_dates,0,0
2020-10-25,svod_dates,0,0
2020-10-26,svod_dates,0,0
2020-10-27,svod_dates,0,0
2020-10-28,svod_dates,0,0
2020-10-29,svod_dates,0,0
2020-10-30,svod_dates,0,0
2020-10-31,svod_dates,0,0
2020-11-01,svod_dates,0,0
2020-11-02,svod_dates,0,0
2020-11-03,svod_dates,0,0
2020-11-04,svod_dates,0,0
2020-11-05,svod_dates,0,0
2020-11-06,svod_dates,0,0
2020-11-07,svod_dates,0,0
2020-11-08,svod_dates,0,0
2020-11-09,svod_dates,0,0
2020-11-10,svod_dates,0,0
2020-11-11,svod_dates,0,0
2020-11-12,svod_dates,0,0
2020-11-13,svod_dates,0,0
2020-11-14,svod_dates,0,0
2020-11-15,svod_dates,0,0
2020-11-16,svod_dates,0,0
2020-11-17,svod_dates,0,0
2020-11-18,svod_dates,0,0
2020-11-19,svod_dates,0,0
2020-11-20,svod_dates,0,0
2020-11-21,svod_dates,0,0
2020-11-22,svod_dates,0,0
2020-11-23,svod_dates,0,0
2020-11-24,svod_dates,0,0
2020-11-25,svod_dates,0,0
2020-11-26,svod_dates,0,0
2020-11-27,svod_dates,0,0
2020-11-28,svod_dates,0,0
2020-11-29,svod_dates,0,0
2020-11-30,svod_dates,0,0
2020-12-01,svod_dates,0,0
2020-12-02,svod_dates,0,0
2020-12-03,svod_dates,0,0
2020-12-04,svod_dates,0,0
2020-12-05,svod_dates,0,0
2020-12-06,svod_dates,0,0
2020-12-07,svod_dates,0,0
2020-12-08,svod_dates,0,0
2020-12-09,svod_dates,0,0
2020-12-10,svod_dates,0,0
2020-12-11,svod_dates,0,0
2020-12-12,svod_dates,0,0
2020-12-13,svod_dates,0,0
2020-12-14,svod_dates,0,0
2020-12-15,svod_dates,0,0
2020-12-16,svod_dates,0,0
2020-12-17,svod_dates,0,0
2020-12-18,svod_dates,0,0
2020-12-19,svod_dates,0,0
2020-12-20,svod_dates,0,0
2020-12-21,svod_dates,0,0
2020-12-22,svod_dates,0,0
2020-12-23,svod_dates,0,0
2020-12-24,svod_dates,0,0
2020-12-25,svod_dates,0,0
2020-12-26,svod_dates,0,0
2020-12-27,svod_dates,0,0
2020-12-28,svod_dates,0,0
2020-12-29,svod_dates,0,0
2020-12-30,svod_dates,0,0
2020-12-31,svod_dates,0,0
2021-01-01,svod_dates,0,0
2021-01-02,svod_dates,0,0
2021-01-03,svod_dates,0,0
2021-01-04,svod_dates,0,0
2021-01-05,svod_dates,0,0
2021-01-06,svod_dates,0,0
2021-01-07,svod_dates,0,0
2021-01-08,svod_dates,0,0
2021-01-09,svod_dates,0,0
2021-01-10,svod_dates,0,0
2021-01-11,svod_dates,0,0
2021-01-12,svod_dates,0,0
2021-01-13,svod_dates,0,0
2021-01-14,svod_dates,0,0
2021-01-15,svod_dates,0,0
2021-01-16,svod_dates,0,0
2021-01-17,svod_dates,0,0
2021-01-18,svod_dates,0,0
2021-01-19,svod_dates,0,0
2021-01-20,svod_dates,0,0
2021-01-21,svod_dates,0,0
2021-01-22,svod_dates,0,0
2021-01-23,svod_dates,0,0
2021-01-24,svod_dates,0,0
2021-01-25,svod_dates,0,0
2021-01-26,svod_dates,0,0
2021-01-27,svod_dates,0,0
2021-01-28,svod_dates,0,0
2021-01-29,svod_dates,0,0
2021-01-30,svod_dates,0,0
2021-01-31,svod_dates,0,0
2021-02-01,svod_dates,0,0
2021-02-02,svod_dates,0,0
2021-02-03,svod_dates,0,0
2021-02-04,svod_dates,0,0
2021-02-05,svod_dates,0,0
2021-02-06,svod_dates,0,0
2021-02-07,svod_dates,0,0
2021-02-08,svod_dates,0,0
2021-02-09,svod_dates,0,0
2021-02-10,svod_dates,0,0
2021-02-11,svod_dates,0,0
2021-02-12,svod_dates,0,0
2021-02-13,svod_dates,0,0
2021-02-14,svod_dates,0,0
2021-02-15,svod_dates,0,0
2021-02-16,svod_dates,0,0
2021-02-17,svod_dates,0,0
2021-02-18,svod_dates,0,0
2021-02-19,svod_dates,0,0
2021-02-20,svod_dates,0,0
2021-02-21,svod_dates,0,0
2021-02-22,svod_dates,0,0
2021-02-23,svod_dates,0,0
2021-02-24,svod_dates,0,0
2021-02-25,svod_dates,0,0
2021-02-26,svod_dates,0,0
2021-02-27,svod_dates,0,0
2021-02-28,svod_dates,0,0
2021-03-01,svod_dates,0,0
2021-03-02,svod_dates,0,0
2021-03-03,svod_dates,0,0
2021-03-04,svod_dates,0,0
2021-03-05,svod_dates,0,0
2021-03-06,svod_dates,0,0
2021-03-07,svod_dates,0,0
2021-03-08,svod_dates,0,0
2021-03-09,svod_dates,0,0
2021-03-10,svod_dates,0,0
2021-03-11,svod_dates,0,0
2021-03-12,svod_dates,0,0
2021-03-13,svod_dates,0,0
2021-03-14,svod_dates,0,0
2021-03-15,svod_dates,0,0
2021-03-16,svod_dates,0,0
2021-03-17,svod_dates,0,0
2021-03-18,svod_dates,0,0
2021-03-19,svod_dates,0,0
2021-03-20,svod_dates,0,0
2021-03-21,svod_dates,0,0
2021-03-22,svod_dates,0,0
2021-03-23,svod_dates,0,0
2021-03-24,svod_dates,0,0
2021-03-25,svod_dates,0,0
2021-03-26,svod_dates,0,0
2021-03-27,svod_dates,0,0
2021-03-28,svod_dates,0,0
2021-03-29,svod_dates,0,0
2021-03-30,svod_dates,0,0
2021-03-31,svod_dates,0,0
2021-04-01,svod_dates,0,0
2021-04-02,svod_dates,0,0
2021-04-03,svod_dates,0,0
2021-04-04,svod_dates,0,0
2021-04-05,svod_dates,0,0
2021-04-06,svod_dates,0,0
2021-04-07,svod_dates,0,0
2021-04-08,svod_dates,0,0
2021-04-09,svod_dates,0,0
2021-04-10,svod_dates,0,0
2021-04-11,svod_dates,0,0
2021-04-12,svod_dates,0,0
2021-04-13,svod_dates,0,0
2021-04-14,svod_dates,0,0
2021-04-15,svod_dates,0,0
2021-04-16,svod_dates,0,0
2021-04-17,svod_dates,0,0
2021-04-18,svod_dates,0,0
2021-04-19,svod_dates,0,0
2021-04-20,svod_dates,0,0
2021-04-21,svod_dates,0,0
2021-04-22,svod_dates,0,0
2021-04-23,svod_dates,0,0
2021-04-24,svod_dates,0,0
2021-04-25,svod_dates,0,0
2021-04-26,svod_dates,0,0
2021-04-27,svod_dates,0,0
2021-04-28,svod_dates,0,0
2021-04-29,svod_dates,0,0
2021-04-30,svod_dates,0,0
2021-05-01,svod_dates,0,0
2021-05-02,svod_dates,0,0
2021-05-03,svod_dates,0,0
2021-05-04,svod_dates,0,0
2021-05-05,svod_dates,0,0
2021-05-06,svod_dates,0,0
2021-05-07,svod_dates,0,0
2021-05-08,svod_dates,0,0
2021-05-09,svod_dates,0,0
2021-05-10,svod_dates,0,0
2021-05-11,svod_dates,0,0
2021-05-12,svod_dates,0,0
2021-05-13,svod_dates,0,0
2021-05-14,svod_dates,0,0
2021-05-15,svod_dates,0,0
2021-05-16,svod_dates,0,0
2021-05-17,svod_dates,0,0
2021-05-18,svod_dates,0,0
2021-05-19,svod_dates,0,0
2021-05-20,svod_dates,0,0
2021-05-21,svod_dates,0,0
2021-05-22,svod_dates,0,0
2021-05-23,svod_dates,0,0
2021-05-24,svod_dates,0,0
2021-05-25,svod_dates,0,0
2021-05-26,svod_dates,0,0
2021-05-27,svod_dates,0,0
2021-05-28,svod_dates,0,0
2021-05-29,svod_dates,0,0
2021-05-30,svod_dates,0,0
2021-05-31,svod_dates,0,0
2021-06-01,svod_dates,0,0
2021-06-02,svod_dates,0,0
2021-06-03,svod_dates,0,0
2021-06-04,svod_dates,0,0
2021-06-05,svod_dates,0,0
2021-06-06,svod_dates,0,0
2021-06-07,svod_dates,0,0
2021-06-08,svod_dates,0,0
2021-06-09,svod_dates,0,0
2021-06-10,svod_dates,0,0
2021-06-11,svod_dates,0,0
2021-06-12,svod_dates,0,0
2021-06-13,svod_dates,0,0
2021-06-14,svod_dates,0,0
2021-06-15,svod_dates,0,0
2021-06-16,svod_dates,0,0
2021-06-17,svod_dates,0,0
2021-06-18,svod_dates,0,0
2021-06-19,svod_dates,0,0
2021-06-20,svod_dates,0,0
2021-06-21,svod_dates,0,0
2021-06-22,svod_dates,0,0
2021-06-23,svod_dates,0,0
2021-06-24,svod_dates,0,0
2021-06-25,svod_dates,0,0
2021-06-26,svod_dates,0,0
2021-06-27,svod_dates,0,0
2021-06-28,svod_dates,0,0
2021-06-29,svod_dates,0,0
2021-06-30,svod_dates,0,0
2021-07-01,svod_dates,0,0
2021-07-02,svod_dates,0,0
2021-07-03,svod_dates,0,0
2021-07-04,svod_dates,0,0
2021-07-05,svod_dates,0,0
2021-07-06,svod_dates,0,0
2021-07-07,svod_dates,0,0
2021-07-08,svod_dates,0,0
2021-07-09,svod_dates,0,0
2021-07-10,svod_dates,0,0
2021-07-11,svod_dates,0,0
2021-07-12,svod_dates,0,0
2021-07-13,svod_dates,0,0
2021-07-14,svod_dates,0,0
2021-07-15,svod_dates,0,0
2021-07-16,svod_dates,0,0
2021-07-17,svod_dates,0,0
2021-07-18,svod_dates,0,0
2021-07-19,svod_dates,0,0
2021-07-20,svod_dates,0,0
2021-07-21,svod_dates,0,0
2021-07-22,svod_dates,0,0
2021-07-23,svod_dates,0,0
2021-07-24,svod_dates,0,0
2021-07-25,svod_dates,0,0
2021-07-26,svod_dates,0,0
2021-07-27,svod_dates,0,0
2021-07-28,svod_dates,0,0
2021-07-29,svod_dates,0,0
2021-07-30,svod_dates,0,0
2021-07-31,svod_dates,0,0
2021-08-01,svod_dates,0,0
2021-08-02,svod_dates,0,0
2021-08-03,svod_dates,0,0
2021-08-04,svod_dates,0,0
2021-08-05,svod_dates,0,0
2021-08-06,svod_dates,0,0
2021-08-07,svod_dates,0,0
2021-08-08,svod_dates,0,0
2021-08-09,svod_dates,0,0
2021-08-10,svod_dates,0,0
2021-08-11,svod_dates,0,0
2021-08-12,svod_dates,0,0
2021-08-13,svod_dates,0,0
2021-08-14,svod_dates,0,0
2021-08-15,svod_dates,0,0
2021-08-16,svod_dates,0,0
2021-08-17,svod_dates,0,0
2021-08-18,svod_dates,0,0
2021-08-19,svod_dates,0,0
2021-08-20,svod_dates,0,0
2021-08-21,svod_dates,0,0
2021-08-22,svod_dates,0,0
2021-08-23,svod_dates,0,0
2021-08-24,svod_dates,0,0
2021-08-25,svod_dates,0,0
2021-08-26,svod_dates,0,0
2021-08-27,svod_dates,0,0
2021-08-28,svod_dates,0,0
2021-08-29,svod_dates,0,0
2021-08-30,svod_dates,0,0
2021-08-31,svod_dates,0,0
2021-09-01,svod_dates,0,0
2021-09-02,svod_dates,0,0
2021-09-03,svod_dates,0,0
2021-09-04,svod_dates,0,0
2021-09-05,svod_dates,0,0
2021-09-06,svod_dates,0,0
2021-09-07,svod_dates,0,0
2021-09-08,svod_dates,0,0
2021-09-09,svod_dates,0,0
2021-09-10,svod_dates,0,0
2021-09-11,svod_dates,0,0
2021-09-12,svod_dates,0,0
2021-09-13,svod_dates,0,0
2021-09-14,svod_dates,0,0
2021-09-15,svod_dates,0,0
2021-09-16,svod_dates,0,0
2021-09-17,svod_dates,0,0
2021-09-18,svod_dates,0,0
2021-09-19,svod_dates,0,0
2021-09-20,svod_dates,0,0
2021-09-21,svod_dates,0,0
2021-09-22,svod_dates,0,0
2021-09-23,svod_dates,0,0
2021-09-24,svod_dates,0,0
2021-09-25,svod_dates,0,0
2021-09-26,svod_dates,0,0
2021-09-27,svod_dates,0,0
2021-09-28,svod_dates,0,0
2021-09-29,svod_dates,0,0
2021-09-30,svod_dates,0,0
2021-10-01,svod_dates,0,0
2021-10-02,svod_dates,0,0
2021-10-03,svod_dates,0,0
2021-10-04,svod_dates,0,0
2021-10-05,svod_dates,0,0
2021-10-06,svod_dates,0,0
2021-10-07,svod_dates,0,0
2021-10-08,svod_dates,0,0
2021-10-09,svod_dates,0,0
2021-10-10,svod_dates,0,0
2021-10-11,svod_dates,0,0
2021-10-12,svod_dates,0,0
2021-10-13,svod_dates,0,0
2021-10-14,svod_dates,0,0
2021-10-15,svod_dates,0,0
2021-10-16,svod_dates,0,0
2021-10-17,svod_dates,0,0
2021-10-18,svod_dates,0,0
2021-10-19,svod_dates,0,0
2021-10-20,svod_dates,0,0
2021-10-21,svod_dates,0,0
2021-10-22,svod_dates,0,0
2021-10-23,svod_dates,0,0
2021-10-24,svod_dates,0,0
2021-10-25,svod_dates,0,0
2021-10-26,svod_dates,0,0
2021-10-27,svod_dates,0,0
2021-10-28,svod_dates,0,0
2021-10-29,svod_dates,0,0
2021-10-30,svod_dates,0,0
2021-10-31,svod_dates,0,0
2021-11-01,svod_dates,0,0
2021-11-02,svod_dates,0,0
2021-11-03,svod_dates,0,0
2021-11-04,svod_dates,0,0
2021-11-05,svod_dates,0,0
2021-11-06,svod_dates,0,0
2021-11-07,svod_dates,0,0
2021-11-08,svod_dates,0,0
2021-11-09,svod_dates,0,0
2021-11-10,svod_dates,0,0
2021-11-11,svod_dates,0,0
2021-11-12,svod_dates,0,0
2021-11-13,svod_dates,0,0
2021-11-14,svod_dates,0,0
2021-11-15,svod_dates,0,0
2021-11-16,svod_dates,0,0
2021-11-17,svod_dates,0,0
2021-11-18,svod_dates,0,0
2021-11-19,svod_dates,0,0
2021-11-20,svod_dates,0,0
2021-11-21,svod_dates,0,0
2021-11-22,svod_dates,0,0
2021-11-23,svod_dates,0,0
2021-11-24,svod_dates,0,0
2021-11-25,svod_dates,0,0
2021-11-26,svod_dates,0,0
2021-11-27,svod_dates,0,0
2021-11-28,svod_dates,0,0
2021-11-29,svod_dates,0,0
2021-11-30,svod_dates,0,0
2021-12-01,svod_dates,0,0
2021-12-02,svod_dates,0,0
2021-12-03,svod_dates,0,0
2021-12-04,svod_dates,0,0
2021-12-05,svod_dates,0,0
2021-12-06,svod_dates,0,0
2021-12-07,svod_dates,0,0
2021-12-08,svod_dates,0,0
2021-12-09,svod_dates,0,0
2021-12-10,svod_dates,0,0
2021-12-11,svod_dates,0,0
2021-12-12,svod_dates,0,0
2021-12-13,svod_dates,0,0
2021-12-14,svod_dates,0,0
2021-12-15,svod_dates,0,0
2021-12-16,svod_dates,0,0
2021-12-17,svod_dates,0,0
2021-12-18,svod_dates,0,0
2021-12-19,svod_dates,0,0
2021-12-20,svod_dates,0,0
2021-12-21,svod_dates,0,0
2021-12-22,svod_dates,0,0
2021-12-23,svod_dates,0,0
2021-12-24,svod_dates,0,0
2021-12-25,svod_dates,0,0
2021-12-26,svod_dates,0,0
2021-12-27,svod_dates,0,0
2021-12-28,svod_dates,0,0
2021-12-29,svod_dates,0,0
2021-12-30,svod_dates,0,0
2021-12-31,svod_dates,0,0
2022-01-01,svod_dates,0,0
2022-01-02,svod_dates,0,0
2022-01-03,svod_dates,0,0
2022-01-04,svod_dates,0,0
2022-01-05,svod_dates,0,0
2022-01-06,svod_dates,0,0
2022-01-07,svod_dates,0,0
2022-01-08,svod_dates,0,0
2022-01-09,svod_dates,0,0
2022-01-10,svod_dates,0,0
2022-01-11,svod_dates,0,0
2022-01-12,svod_dates,0,0
2022-01-13,svod_dates,0,0
2022-01-14,svod_dates,0,0
2022-01-15,svod_dates,0,0
2022-01-16,svod_dates,0,0
2022-01-17,svod_dates,0,0
2022-01-18,svod_dates,0,0
2022-01-19,svod_dates,0,0
2022-01-20,svod_dates,0,0
2022-01-21,svod_dates,0,0
2022-01-22,svod_dates,0,0
2022-01-23,svod_dates,0,0
2022-01-24,svod_dates,0,0
2022-01-25,svod_dates,0,0
2022-01-26,svod_dates,0,0
2022-01-27,svod_dates,0,0
2022-01-28,svod_dates,0,0
2022-01-29,svod_dates,0,0
2022-01-30,svod_dates,0,0
2022-01-31,svod_dates,0,0
2022-02-01,svod_dates,0,0
2022-02-02,svod_dates,0,0
2022-02-03,svod_dates,0,0
2022-02-04,svod_dates,0,0
2022-02-05,svod_dates,0,0
2022-02-06,svod_dates,0,0
2022-02-07,svod_dates,0,0
2022-02-08,svod_dates,0,0
2022-02-09,svod_dates,0,0
2022-02-10,svod_dates,0,0
2022-02-11,svod_dates,0,0
2022-02-12,svod_dates,0,0
2022-02-13,svod_dates,0,0
2022-02-14,svod_dates,0,0
2022-02-15,svod_dates,0,0
2022-02-16,svod_dates,0,0
2022-02-17,svod_dates,0,0
2022-02-18,svod_dates,0,0
2022-02-19,svod_dates,0,0
2022-02-20,svod_dates,0,0
2022-02-21,svod_dates,0,0
2022-02-22,svod_dates,0,0
2022-02-23,svod_dates,0,0
2022-02-24,svod_dates,0,0
2022-02-25,svod_dates,0,0
2022-02-26,svod_dates,0,0
2022-02-27,svod_dates,0,0
2022-02-28,svod_dates,0,0
2022-03-01,svod_dates,0,0
2022-03-02,svod_dates,0,0
2022-03-03,svod_dates,0,0
2022-03-04,svod_dates,0,0
2022-03-05,svod_dates,0,0
2022-03-06,svod_dates,0,0
2022-03-07,svod_dates,0,0
2022-03-08,svod_dates,0,0
2022-03-09,svod_dates,0,0
2022-03-10,svod_dates,0,0
2022-03-11,svod_dates,0,0
2022-03-12,svod_dates,0,0
2022-03-13,svod_dates,0,0
2022-03-14,svod_dates,0,0
2022-03-15,svod_dates,0,0
2022-03-16,svod_dates,0,0
2022-03-17,svod_dates,0,0
2022-03-18,svod_dates,0,0
2022-03-19,svod_dates,0,0
2022-03-20,svod_dates,0,0
2022-03-21,svod_dates,0,0
2022-03-22,svod_dates,0,0
2022-03-23,svod_dates,0,0
2022-03-24,svod_dates,0,0
2022-03-25,svod_dates,0,0
2022-03-26,svod_dates,0,0
2022-03-27,svod_dates,0,0
2022-03-28,svod_dates,0,0
2022-03-29,svod_dates,0,0
2022-03-30,svod_dates,0,0
2022-03-31,svod_dates,0,0
2022-04-01,svod_dates,0,0
2022-04-02,svod_dates,0,0
2022-04-03,svod_dates,0,0
2022-04-04,svod_dates,0,0
2022-04-05,svod_dates,0,0
2022-04-06,svod_dates,0,0
2022-04-07,svod_dates,0,0
2022-04-08,svod_dates,0,0
2022-04-09,svod_dates,0,0
2022-04-10,svod_dates,0,0
2022-04-11,svod_dates,0,0
2022-04-12,svod_dates,0,0
2022-04-13,svod_dates,0,0
2022-04-14,svod_dates,0,0
2022-04-15,svod_dates,0,0
2022-04-16,svod_dates,0,0
2022-04-17,svod_dates,0,0
2022-04-18,svod_dates,0,0
2022-04-19,svod_dates,0,0
2022-04-20,svod_dates,0,0
2022-04-21,svod_dates,0,0
2022-04-22,svod_dates,0,0
2022-04-23,svod_dates,0,0
2022-04-24,svod_dates,0,0
2022-04-25,svod_dates,0,0
2022-04-26,svod_dates,0,0
2022-04-27,svod_dates,0,0
2022-04-28,svod_dates,0,0
2022-04-29,svod_dates,0,0
2022-04-30,svod_dates,0,0
2022-05-01,svod_dates,0,0
2022-05-02,svod_dates,0,0
2022-05-03,svod_dates,0,0
2022-05-04,svod_dates,0,0
2022-05-05,svod_dates,0,0
2022-05-06,svod_dates,0,0
2022-05-07,svod_dates,0,0
2022-05-08,svod_dates,0,0
2022-05-09,svod_dates,0,0
2022-05-10,svod_dates,0,0
2022-05-11,svod_dates,0,0
2022-05-12,svod_dates,0,0
2022-05-13,svod_dates,0,0
2022-05-14,svod_dates,0,0
2022-05-15,svod_dates,0,0
2022-05-16,svod_dates,0,0
2022-05-17,svod_dates,0,0
2022-05-18,svod_dates,0,0
2022-05-19,svod_dates,0,0
2022-05-20,svod_dates,0,0
2022-05-21,svod_dates,0,0
2022-05-22,svod_dates,0,0
2022-05-23,svod_dates,0,0
2022-05-24,svod_dates,0,0
2022-05-25,svod_dates,0,0
2022-05-26,svod_dates,0,0
2022-05-27,svod_dates,0,0
2022-05-28,svod_dates,0,0
2022-05-29,svod_dates,0,0
2022-05-30,svod_dates,0,0
2022-05-31,svod_dates,0,0
2022-06-01,svod_dates,0,0
2022-06-02,svod_dates,0,0
2022-06-03,svod_dates,0,0
2022-06-04,svod_dates,0,0
2022-06-05,svod_dates,0,0
2022-06-06,svod_dates,0,0
2022-06-07,svod_dates,0,0
2022-06-08,svod_dates,0,0
2022-06-09,svod_dates,0,0
2022-06-10,svod_dates,0,0
2022-06-11,svod_dates,0,0
2022-06-12,svod_dates,0,0
2022-06-13,svod_dates,0,0
2022-06-14,svod_dates,0,0
2022-06-15,svod_dates,0,0
2022-06-16,svod_dates,0,0
2022-06-17,svod_dates,0,0
2022-06-18,svod_dates,0,0
2022-06-19,svod_dates,0,0
2022-06-20,svod_dates,0,0
2022-06-21,svod_dates,0,0
2022-06-22,svod_dates,0,0
2022-06-23,svod_dates,0,0
2022-06-24,svod_dates,0,0
2022-06-25,svod_dates,0,0
2022-06-26,svod_dates,0,0
2022-06-27,svod_dates,0,0
2022-06-28,svod_dates,0,0
2022-06-29,svod_dates,0,0
2022-06-30,svod_dates,0,0
2022-07-01,svod_dates,0,0
2022-07-02,svod_dates,0,0
2022-07-03,svod_dates,0,0
2022-07-04,svod_dates,0,0
2022-07-05,svod_dates,0,0
2022-07-06,svod_dates,0,0
2022-07-07,svod_dates,0,0
2022-07-08,svod_dates,0,0
2022-07-09,svod_dates,0,0
2022-07-10,svod_dates,0,0
2022-07-11,svod_dates,0,0
2022-07-12,svod_dates,0,0
2022-07-13,svod_dates,0,0
2022-07-14,svod_dates,0,0
2022-07-15,svod_dates,0,0
2022-07-16,svod_dates,0,0
2022-07-17,svod_dates,0,0
2022-07-18,svod_dates,0,0
2022-07-19,svod_dates,0,0
2022-07-20,svod_dates,0,0
2022-07-21,svod_dates,0,0
2022-07-22,svod_dates,0,0
2022-07-23,svod_dates,0,0
2022-07-24,svod_dates,0,0
2022-07-25,svod_dates,0,0
2022-07-26,svod_dates,0,0
2022-07-27,svod_dates,0,0
2022-07-28,svod_dates,0,0
2022-07-29,svod_dates,0,0
2022-07-30,svod_dates,0,0
2022-07-31,svod_dates,0,0
2022-08-01,svod_dates,0,0
2022-08-02,svod_dates,0,0
2022-08-03,svod_dates,0,0
2022-08-04,svod_dates,0,0
2022-08-05,svod_dates,0,0
2022-08-06,svod_dates,0,0
2022-08-07,svod_dates,0,0
2022-08-08,svod_dates,0,0
2022-08-09,svod_dates,0,0
2022-08-10,svod_dates,0,0
2022-08-11,svod_dates,0,0
2022-08-12,svod_dates,0,0
2022-08-13,svod_dates,0,0
2022-08-14,svod_dates,0,0
2022-08-15,svod_dates,0,0
2022-08-16,svod_dates,0,0
2022-08-17,svod_dates,0,0
2022-08-18,svod_dates,0,0
2022-08-19,svod_dates,0,0
2022-08-20,svod_dates,0,0
2022-08-21,svod_dates,0,0
2022-08-22,svod_dates,0,0
2022-08-23,svod_dates,0,0
2022-08-24,svod_dates,0,0
2022-08-25,svod_dates,0,0
2022-08-26,svod_dates,0,0
2022-08-27,svod_dates,0,0
2022-08-28,svod_dates,0,0
2022-08-29,svod_dates,0,0
2022-08-30,svod_dates,0,0
2022-08-31,svod_dates,0,0
2022-09-01,svod_dates,0,0
2022-09-02,svod_dates,0,0
2022-09-03,svod_dates,0,0
2022-09-04,svod_dates,0,0
2022-09-05,svod_dates,0,0
2022-09-06,svod_dates,0,0
2022-09-07,svod_dates,0,0
2022-09-08,svod_dates,0,0
2022-09-09,svod_dates,0,0
2022-09-10,svod_dates,0,0
2022-09-11,svod_dates,0,0
2022-09-12,svod_dates,0,0
2022-09-13,svod_dates,0,0
2022-09-14,svod_dates,0,0
2022-09-15,svod_dates,0,0
2022-09-16,svod_dates,0,0
2022-09-17,svod_dates,0,0
2022-09-18,svod_dates,0,0
2022-09-19,svod_dates,0,0
2022-09-20,svod_dates,0,0
2022-09-21,svod_dates,0,0
2022-09-22,svod_dates,0,0
2022-09-23,svod_dates,0,0
2022-09-24,svod_dates,0,0
2022-09-25,svod_dates,0,0
2022-09-26,svod_dates,0,0
2022-09-27,svod_dates,0,0
2022-09-28,svod_dates,0,0
2022-09-29,svod_dates,0,0
2022-09-30,svod_dates,0,0
2022-10-01,svod_dates,0,0
2022-10-02,svod_dates,0,0
2022-10-03,svod_dates,0,0
2022-10-04,svod_dates,0,0
2022-10-05,svod_dates,0,0
2022-10-06,svod_dates,0,0
2022-10-07,svod_dates,0,0
2022-10-08,svod_dates,0,0
2022-10-09,svod_dates,0,0
2022-10-10,svod_dates,0,0
2022-10-11,svod_dates,0,0
2022-10-12,svod_dates,0,0
2022-10-13,svod_dates,0,0
2022-10-14,svod_dates,0,0
2022-10-15,svod_dates,0,0
2022-10-16,svod_dates,0,0
2022-10-17,svod_dates,0,0
2022-10-18,svod_dates,0,0
2022-10-19,svod_dates,0,0
2022-10-20,svod_dates,0,0
2022-10-21,svod_dates,0,0
2022-10-22,svod_dates,0,0
2022-10-23,svod_dates,0,0
2022-10-24,svod_dates,0,0
2022-10-25,svod_dates,0,0
2022-10-26,svod_dates,0,0
2022-10-27,svod_dates,0,0
2022-10-28,svod_dates,0,0
2022-10-29,svod_dates,0,0
2022-10-30,svod_dates,0,0
2022-10-31,svod_dates,0,0
2022-11-01,svod_dates,0,0
2022-11-02,svod_dates,0,0
2022-11-03,svod_dates,0,0
2022-11-04,svod_dates,0,0
2022-11-05,svod_dates,0,0
2022-11-06,svod_dates,0,0
2022-11-07,svod_dates,0,0
2022-11-08,svod_dates,0,0
2022-11-09,svod_dates,0,0
2022-11-10,svod_dates,0,0
2022-11-11,svod_dates,0,0
2022-11-12,svod_dates,0,0
2022-11-13,svod_dates,0,0
2022-11-14,svod_dates,0,0
2022-11-15,svod_dates,0,0
2022-11-16,svod_dates,0,0
2022-11-17,svod_dates,0,0
2022-11-18,svod_dates,0,0
2022-11-19,svod_dates,0,0
2022-11-20,svod_dates,0,0
2022-11-21,svod_dates,0,0
2022-11-22,svod_dates,0,0
2022-11-23,svod_dates,0,0
2022-11-24,svod_dates,0,0
2022-11-25,svod_dates,0,0
2022-11-26,svod_dates,0,0
2022-11-27,svod_dates,0,0
2022-11-28,svod_dates,0,0
2022-11-29,svod_dates,0,0
2022-11-30,svod_dates,0,0
2022-12-01,svod_dates,0,0
2022-12-02,svod_dates,0,0
2022-12-03,svod_dates,0,0
2022-12-04,svod_dates,0,0
2022-12-05,svod_dates,0,0
2022-12-06,svod_dates,0,0
2022-12-07,svod_dates,0,0
2022-12-08,svod_dates,0,0
2022-12-09,svod_dates,0,0
2022-12-10,svod_dates,0,0
2022-12-11,svod_dates,0,0
2022-12-12,svod_dates,0,0
2022-12-13,svod_dates,0,0
2022-12-14,svod_dates,0,0
2022-12-15,svod_dates,0,0
2022-12-16,svod_dates,0,0
2022-12-17,svod_dates,0,0
2022-12-18,svod_dates,0,0
2022-12-19,svod_dates,0,0
2022-12-20,svod_dates,0,0
2022-12-21,svod_dates,0,0
2022-12-22,svod_dates,0,0
2022-12-23,svod_dates,0,0
2022-12-24,svod_dates,0,0
2022-12-25,svod_dates,0,0
2022-12-26,svod_dates,0,0
2022-12-27,svod_dates,0,0
2022-12-28,svod_dates,0,0
2022-12-29,svod_dates,0,0
2022-12-30,svod_dates,0,0
2022-12-31,svod_dates,0,0
2023-01-01,svod_dates,0,0
2023-01-02,svod_dates,0,0
2023-01-03,svod_dates,0,0
2023-01-04,svod_dates,0,0
2023-01-05,svod_dates,0,0
2023-01-06,svod_dates,0,0
2023-01-07,svod_dates,0,0
2023-01-08,svod_dates,0,0
2023-01-09,svod_dates,0,0
2023-01-10,svod_dates,0,0
2023-01-11,svod_dates,0,0
2023-01-12,svod_dates,0,0
2023-01-13,svod_dates,0,0
2023-01-14,svod_dates,0,0
2023-01-15,svod_dates,0,0
2023-01-16,svod_dates,0,0
2023-01-17,svod_dates,0,0
2023-01-18,svod_dates,0,0
2023-01-19,svod_dates,0,0
2023-01-20,svod_dates,0,0
2023-01-21,svod_dates,0,0
2023-01-22,svod_dates,0,0
2023-01-23,svod_dates,0,0
2023-01-24,svod_dates,0,0
2023-01-25,svod_dates,0,0
2023-01-26,svod_dates,0,0
2023-01-27,svod_dates,0,0
2023-01-28,svod_dates,0,0
2023-01-29,svod_dates,0,0
2023-01-30,svod_dates,0,0
2023-01-31,svod_dates,0,0
2023-02-01,svod_dates,0,0
2023-02-02,svod_dates,0,0
2023-02-03,svod_dates,0,0
2023-02-04,svod_dates,0,0
2023-02-05,svod_dates,0,0
2023-02-06,svod_dates,0,0
2023-02-07,svod_dates,0,0
2023-02-08,svod_dates,0,0
2023-02-09,svod_dates,0,0
2023-02-10,svod_dates,0,0
2023-02-11,svod_dates,0,0
2023-02-12,svod_dates,0,0
2023-02-13,svod_dates,0,0
2023-02-14,svod_dates,0,0
2023-02-15,svod_dates,0,0
2023-02-16,svod_dates,0,0
2023-02-17,svod_dates,0,0
2023-02-18,svod_dates,0,0
2023-02-19,svod_dates,0,0
2023-02-20,svod_dates,0,0
2023-02-21,svod_dates,0,0
2023-02-22,svod_dates,0,0
2023-02-23,svod_dates,0,0
2023-02-24,svod_dates,0,0
2023-02-25,svod_dates,0,0
2023-02-26,svod_dates,0,0
2023-02-27,svod_dates,0,0
2023-02-28,svod_dates,0,0
2023-03-01,svod_dates,0,0
2023-03-02,svod_dates,0,0
2023-03-03,svod_dates,0,0
2023-03-04,svod_dates,0,0
2023-03-05,svod_dates,0,0
2023-03-06,svod_dates,0,0
2023-03-07,svod_dates,0,0
2023-03-08,svod_dates,0,0
2023-03-09,svod_dates,0,0
2023-03-10,svod_dates,0,0
2023-03-11,svod_dates,0,0
2023-03-12,svod_dates,0,0
2023-03-13,svod_dates,0,0
2023-03-14,svod_dates,0,0
2023-03-15,svod_dates,0,0
2023-03-16,svod_dates,0,0
2023-03-17,svod_dates,0,0
2023-03-18,svod_dates,0,0
2023-03-19,svod_dates,0,0
2023-03-20,svod_dates,0,0
2023-03-21,svod_dates,0,0
2023-03-22,svod_dates,0,0
2023-03-23,svod_dates,0,0
2023-03-24,svod_dates,0,0
2023-03-25,svod_dates,0,0
2023-03-26,svod_dates,0,0
2023-03-27,svod_dates,0,0
2023-03-28,svod_dates,0,0
2023-03-29,svod_dates,0,0
2023-03-30,svod_dates,0,0
2023-03-31,svod_dates,0,0
2023-04-01,svod_dates,0,0
2023-04-02,svod_dates,0,0
2023-04-03,svod_dates,0,0
2023-04-04,svod_dates,0,0
2023-04-05,svod_dates,0,0
2023-04-06,svod_dates,0,0
2023-04-07,svod_dates,0,0
2023-04-08,svod_dates,0,0
2023-04-09,svod_dates,0,0
2023-04-10,svod_dates,0,0
2023-04-11,svod_dates,0,0
2023-04-12,svod_dates,0,0
2023-04-13,svod_dates,0,0
2023-04-14,svod_dates,0,0
2023-04-15,svod_dates,0,0
2023-04-16,svod_dates,0,0
2023-04-17,svod_dates,0,0
2023-04-18,svod_dates,0,0
2023-04-19,svod_dates,0,0
2023-04-20,svod_dates,0,0
2023-04-21,svod_dates,0,0
2023-04-22,svod_dates,0,0
2023-04-23,svod_dates,0,0
2023-04-24,svod_dates,0,0
2023-04-25,svod_dates,0,0
2023-04-26,svod_dates,0,0
2023-04-27,svod_dates,0,0
2023-04-28,svod_dates,0,0
2023-04-29,svod_dates,0,0
2023-04-30,svod_dates,0,0
2023-05-01,svod_dates,0,0
2023-05-02,svod_dates,0,0
2023-05-03,svod_dates,0,0
2023-05-04,svod_dates,0,0
2023-05-05,svod_dates,0,0
2023-05-06,svod_dates,0,0
2023-05-07,svod_dates,0,0
2023-05-08,svod_dates,0,0
2023-05-09,svod_dates,0,0
2023-05-10,svod_dates,0,0
2023-05-11,svod_dates,0,0
2023-05-12,svod_dates,0,0
2023-05-13,svod_dates,0,0
2023-05-14,svod_dates,0,0
2023-05-15,svod_dates,0,0
2023-05-16,svod_dates,0,0
2023-05-17,svod_dates,0,0
2023-05-18,svod_dates,0,0
2023-05-19,svod_dates,0,0
2023-05-20,svod_dates,0,0
2023-05-21,svod_dates,0,0
2023-05-22,svod_dates,0,0
2023-05-23,svod_dates,0,0
2023-05-24,svod_dates,0,0
2023-05-25,svod_dates,0,0
2023-05-26,svod_dates,0,0
2023-05-27,svod_dates,0,0
2023-05-28,svod_dates,0,0
2023-05-29,svod_dates,0,0
2023-05-30,svod_dates,0,0
2023-05-31,svod_dates,0,0
2023-06-01,svod_dates,0,0
2023-06-02,svod_dates,0,0
2023-06-03,svod_dates,0,0
2023-06-04,svod_dates,0,0
2023-06-05,svod_dates,0,0
2023-06-06,svod_dates,0,0
2023-06-07,svod_dates,0,0
2023-06-08,svod_dates,0,0
2023-06-09,svod_dates,0,0
2023-06-10,svod_dates,0,0
2023-06-11,svod_dates,0,0
2023-06-12,svod_dates,0,0
2023-06-13,svod_dates,0,0
2023-06-14,svod_dates,0,0
2023-06-15,svod_dates,0,0
2023-06-16,svod_dates,0,0
2023-06-17,svod_dates,0,0
2023-06-18,svod_dates,0,0
2023-06-19,svod_dates,0,0
2023-06-20,svod_dates,0,0
2023-06-21,svod_dates,0,0
2023-06-22,svod_dates,0,0
2023-06-23,svod_dates,0,0
2023-06-24,svod_dates,0,0
2023-06-25,svod_dates,0,0
2023-06-26,svod_dates,0,0
2023-06-27,svod_dates,0,0
2023-06-28,svod_dates,0,0
2023-06-29,svod_dates,0,0
2023-06-30,svod_dates,0,0
2023-07-01,svod_dates,0,0
2023-07-02,svod_dates,0,0
2023-07-03,svod_dates,0,0
2023-07-04,svod_dates,0,0
2023-07-05,svod_dates,0,0
2023-07-06,svod_dates,0,0
2023-07-07,svod_dates,0,0
2023-07-08,svod_dates,0,0
2023-07-09,svod_dates,0,0
2023-07-10,svod_dates,0,0
2023-07-11,svod_dates,0,0
2023-07-12,svod_dates,0,0
2023-07-13,svod_dates,0,0
2023-07-14,svod_dates,0,0
2023-07-15,svod_dates,0,0
2023-07-16,svod_dates,0,0
2023-07-17,svod_dates,0,0
2023-07-18,svod_dates,0,0
2023-07-19,svod_dates,0,0
2023-07-20,svod_dates,0,0
2023-07-21,svod_dates,0,0
2023-07-22,svod_dates,0,0
2023-07-23,svod_dates,0,0
2023-07-24,svod_dates,0,0
2023-07-25,svod_dates,0,0
2023-07-26,svod_dates,0,0
2023-07-27,svod_dates,0,0
2023-07-28,svod_dates,0,0
2023-07-29,svod_dates,0,0
2023-07-30,svod_dates,0,0
2023-07-31,svod_dates,0,0
2023-08-01,svod_dates,0,0
2023-08-02,svod_dates,0,0
2023-08-03,svod_dates,0,0
2023-08-04,svod_dates,0,0
2023-08-05,svod_dates,0,0
2023-08-06,svod_dates,0,0
2023-08-07,svod_dates,0,0
2023-08-08,svod_dates,0,0
2023-08-09,svod_dates,0,0
2023-08-10,svod_dates,0,0
2023-08-11,svod_dates,0,0
2023-08-12,svod_dates,0,0
2023-08-13,svod_dates,0,0
2023-08-14,svod_dates,0,0
2023-08-15,svod_dates,0,0
2023-08-16,svod_dates,0,0
2023-08-17,svod_dates,0,0
2023-08-18,svod_dates,0,0
2023-08-19,svod_dates,0,0
2023-08-20,svod_dates,0,0
2023-08-21,svod_dates,0,0
2023-08-22,svod_dates,0,0
2023-08-23,svod_dates,0,0
2023-08-24,svod_dates,0,0
2023-08-25,svod_dates,0,0
2023-08-26,svod_dates,0,0
2023-08-27,svod_dates,0,0
2023-08-28,svod_dates,0,0
2023-08-29,svod_dates,0,0
2023-08-30,svod_dates,0,0
2023-08-31,svod_dates,0,0
2023-09-01,svod_dates,0,0
2019-03-23,group,0,0
2019-03-24,group,0,0
2019-03-25,group,0,0
2019-03-26,group,0,0
2019-03-27,group,0,0
2019-03-28,group,0,0
2019-03-29,group,0,0
2019-03-30,group,0,0
2019-03-31,group,0,0
2019-04-01,group,0,0
2019-04-02,group,0,0
2019-04-03,group,0,0
2019-04-04,group,0,0
2019-04-05,group,0,0
2019-04-06,group,0,0
2019-04-07,group,0,0
2019-04-08,group,0,0
2019-04-09,group,0,0
2019-04-10,group,0,0
2019-04-11,group,0,0
2019-04-12,group,0,0
2019-04-13,group,0,0
2019-04-14,group,0,0
2019-04-15,group,0,0
2019-04-16,group,0,0
2019-04-17,group,0,0
2019-04-18,group,0,0
2019-04-19,group,0,0
2019-04-20,group,0,0
2019-04-21,group,0,0
2019-04-22,group,0,0
2019-04-23,group,0,0
2019-04-24,group,0,0
2019-04-25,group,0,0
2019-04-26,group,0,0
2019-04-27,group,0,0
2019-04-28,group,0,0
2019-04-29,group,0,0
2019-04-30,group,0,0
2019-05-01,group,0,0
2019-05-02,group,0,0
2019-05-03,group,0,0
2019-05-04,group,0,0
2019-05-05,group,0,0
2019-05-07,semi-final,0,0
2019-05-08,semi-final,0,0
2019-05-10,semi-final,0,0
2019-05-12,final,0,0
2019-05-30,group,0,0
2019-05-31,group,0,0
2019-06-01,group,0,0
2019-06-02,group,0,0
2019-06-03,group,0,0
2019-06-04,group,0,0
2019-06-05,group,0,0
2019-06-06,group,0,0
2019-06-08,group,0,0
2019-06-09,group,0,0
2019-06-10,group,0,0
2019-06-12,group,0,0
2019-06-14,group,0,0
2019-06-15,group,0,0
2019-06-16,group,0,0
2019-06-17,group,0,0
2019-06-18,group,0,0
2019-06-19,group,0,0
2019-06-20,group,0,0
2019-06-21,group,0,0
2019-06-22,group,0,0
2019-06-23,group,0,0
2019-06-24,group,0,0
2019-06-25,group,0,0
2019-06-26,group,0,0
2019-06-27,group,0,0
2019-06-28,group,0,0
2019-06-29,group,0,0
2019-06-30,group,0,0
2019-07-01,group,0,0
2019-07-02,group,0,0
2019-07-03,group,0,0
2019-07-04,group,0,0
2019-07-05,group,0,0
2019-07-06,group,0,0
2019-07-09,semi-final,0,0
2019-07-10,semi-final,0,0
2019-07-11,semi-final,0,0
2019-07-14,final,0,0
2019-12-06,group,0,0
2019-12-08,group,0,0
2019-12-11,group,0,0
2019-12-15,group,0,0
2019-12-18,group,0,0
2019-12-22,group,0,0
2020-01-14,group,0,0
2020-01-17,group,0,0
2020-01-19,group,0,0
2020-01-24,group,0,0
2020-01-26,group,0,0
2020-01-29,group,0,0
2020-01-31,group,0,0
2020-02-02,group,0,0
2020-02-05,group,0,0
2020-02-08,group,0,0
2020-02-11,group,0,0
2020-09-19,group,0,0
2020-09-20,group,0,0
2020-09-21,group,0,0
2020-09-22,group,0,0
2020-09-23,group,0,0
2020-09-24,group,0,0
2020-09-25,group,0,0
2020-09-26,group,0,0
2020-09-27,group,0,0
2020-09-28,group,0,0
2020-09-29,group,0,0
2020-09-30,group,0,0
2020-10-01,group,0,0
2020-10-02,group,0,0
2020-10-03,group,0,0
2020-10-04,group,0,0
2020-10-05,group,0,0
2020-10-06,group,0,0
2020-10-07,group,0,0
2020-10-08,group,0,0
2020-10-09,group,0,0
2020-10-10,group,0,0
2020-10-11,group,0,0
2020-10-12,group,0,0
2020-10-13,group,0,0
2020-10-14,group,0,0
2020-10-15,group,0,0
2020-10-16,group,0,0
2020-10-17,group,0,0
2020-10-18,group,0,0
2020-10-19,group,0,0
2020-10-20,group,0,0
2020-10-21,group,0,0
2020-10-22,group,0,0
2020-10-23,group,0,0
2020-10-24,group,0,0
2020-10-25,group,0,0
2020-10-26,group,0,0
2020-10-27,group,0,0
2020-10-28,group,0,0
2020-10-29,group,0,0
2020-10-30,group,0,0
2020-10-31,group,0,0
2020-11-01,group,0,0
2020-11-02,group,0,0
2020-11-03,group,0,0
2020-11-05,semi-final,0,0
2020-11-06,semi-final,0,0
2020-11-08,semi-final,0,0
2020-11-10,final,0,0
2021-02-05,group,0,0
2021-02-06,group,0,0
2021-02-07,group,0,0
2021-02-08,group,0,0
2021-02-09,group,0,0
2021-02-13,group,0,0
2021-02-14,group,0,0
2021-02-15,group,0,0
2021-02-16,group,0,0
2021-02-24,group,0,0
2021-02-25,group,0,0
2021-03-04,group,0,0
2021-03-05,group,0,0
2021-03-06,group,0,0
2021-03-12,group,0,0
2021-03-14,group,0,0
2021-03-16,group,0,0
2021-03-18,group,0,0
2021-03-20,group,0,0
2021-03-23,group,0,0
2021-03-26,group,0,0
2021-03-28,group,0,0
2021-04-09,group,0,0
2021-04-10,group,0,0
2021-04-11,group,0,0
2021-04-12,group,0,0
2021-04-13,group,0,0
2021-04-14,group,0,0
2021-04-15,group,0,0
2021-04-16,group,0,0
2021-04-17,group,0,0
2021-04-18,group,0,0
2021-04-19,group,0,0
2021-04-20,group,0,0
2021-04-21,group,0,0
2021-04-22,group,0,0
2021-04-23,group,0,0
2021-04-24,group,0,0
2021-04-25,group,0,0
2021-04-26,group,0,0
2021-04-27,group,0,0
2021-04-28,group,0,0
2021-04-29,group,0,0
2021-04-30,group,0,0
2021-05-01,group,0,0
2021-05-02,group,0,0
2021-05-03,group,0,0
2021-09-19,group,0,0
2021-09-20,group,0,0
2021-09-21,group,0,0
2021-09-22,group,0,0
2021-09-23,group,0,0
2021-09-24,group,0,0
2021-09-25,group,0,0
2021-09-26,group,0,0
2021-09-27,group,0,0
2021-09-28,group,0,0
2021-09-29,group,0,0
2021-09-30,group,0,0
2021-10-01,group,0,0
2021-10-02,group,0,0
2021-10-03,group,0,0
2021-10-04,group,0,0
2021-10-05,group,0,0
2021-10-06,group,0,0
2021-10-07,group,0,0
2021-10-08,group,0,0
2021-10-10,semi-final,0,0
2021-10-11,semi-final,0,0
2021-10-13,semi-final,0,0
2021-10-15,final,0,0
2021-10-17,qualifier,0,0
2021-10-18,qualifier,0,0
2021-10-19,qualifier,0,0
2021-10-20,qualifier,0,0
2021-10-21,qualifier,0,0
2021-10-22,qualifier,0,0
2021-10-23,group,0,0
2021-10-24,group,0,0
2021-10-25,group,0,0
2021-10-26,group,0,0
2021-10-27,group,0,0
2021-10-28,group,0,0
2021-10-29,group,0,0
2021-10-30,group,0,0
2021-10-31,group,0,0
2021-11-01,group,0,0
2021-11-02,group,0,0
2021-11-03,group,0,0
2021-11-04,group,0,0
2021-11-05,group,0,0
2021-11-06,group,0,0
2021-11-07,group,0,0
2021-11-08,group,0,0
2021-11-10,semi-final,0,0
2021-11-11,semi-final,0,0
2021-11-14,final,0,0
2022-02-06,group,0,0
2022-02-09,group,0,0
2022-02-11,group,0,0
2022-02-16,group,0,0
2022-02-18,group,0,0
2022-02-20,group,0,0
2022-03-26,group,0,0
2022-03-27,group,0,0
2022-03-28,group,0,0
2022-03-29,group,0,0
2022-03-30,group,0,0
2022-03-31,group,0,0
2022-04-01,group,0,0
2022-04-02,group,0,0
2022-04-03,group,0,0
2022-04-04,group,0,0
2022-04-05,group,0,0
2022-04-06,group,0,0
2022-04-07,group,0,0
2022-04-08,group,0,0
2022-04-09,group,0,0
2022-04-10,group,0,0
2022-04-11,group,0,0
2022-04-12,group,0,0
2022-04-13,group,0,0
2022-04-14,group,0,0
2022-04-15,group,0,0
2022-04-16,group,0,0
2022-04-17,group,0,0
2022-04-18,group,0,0
2022-04-19,group,0,0
2022-04-20,group,0,0
2022-04-21,group,0,0
2022-04-22,group,0,0
2022-04-23,group,0,0
2022-04-24,group,0,0
2022-04-25,group,0,0
2022-04-26,group,0,0
2022-04-27,group,0,0
2022-04-28,group,0,0
2022-04-29,group,0,0
2022-04-30,group,0,0
2022-05-01,group,0,0
2022-05-02,group,0,0
2022-05-03,group,0,0
2022-05-04,group,0,0
2022-05-05,group,0,0
2022-05-06,group,0,0
2022-05-07,group,0,0
2022-05-08,group,0,0
2022-05-09,group,0,0
2022-05-10,group,0,0
2022-05-11,group,0,0
2022-05-12,group,0,0
2022-05-13,group,0,0
2022-05-14,group,0,0
2022-05-15,group,0,0
2022-05-16,group,0,0
2022-05-17,group,0,0
2022-05-18,group,0,0
2022-05-19,group,0,0
2022-05-20,group,0,0
2022-05-21,group,0,0
2022-05-22,group,0,0
2022-05-24,semi-final,0,0
2022-05-25,semi-final,0,0
2022-05-27,semi-final,0,0
2022-05-29,final,0,0
2022-06-09,group,0,0
2022-06-12,group,0,0
2022-06-14,group,0,0
2022-06-17,group,0,0
2022-06-19,group,0,0
2022-08-27,group,0,0
2022-08-28,group,0,0
2022-08-30,group,0,0
2022-08-31,group,0,0
2022-09-01,group,0,0
2022-09-02,group,0,0
2022-09-03,group,0,0
2022-09-04,group,0,0
2022-09-06,group,0,0
2022-09-07,group,0,0
2022-09-08,group,0,0
2022-09-09,group,0,0
2022-09-11,final,0,0
2022-09-28,group,0,0
2022-10-02,group,0,0
2022-10-04,group,0,0
2022-10-06,group,0,0
2022-10-09,group,0,0
2022-10-11,group,0,0
2022-10-16,qualifier,0,0
2022-10-17,qualifier,0,0
2022-10-18,qualifier,0,0
2022-10-19,qualifier,0,0
2022-10-20,qualifier,0,0
2022-10-21,qualifier,0,0
2022-10-22,group,0,0
2022-10-23,group,0,0
2022-10-24,group,0,0
2022-10-25,group,0,0
2022-10-26,group,0,0
2022-10-27,group,0,0
2022-10-29,group,0,0
2022-10-30,group,0,0
2022-10-31,group,0,0
2022-11-01,group,0,0
2022-11-02,group,0,0
2022-11-03,group,0,0
2022-11-04,group,0,0
2022-11-05,group,0,0
2022-11-06,group,0,0
2022-11-09,semi-final,0,0
2022-11-10,semi-final,0,0
2022-11-13,final,0,0
2023-01-03,group,0,0
2023-01-05,group,0,0
2023-01-07,group,0,0
2023-01-10,group,0,0
2023-01-12,group,0,0
2023-01-15,group,0,0
2023-01-18,group,0,0
2023-01-21,group,0,0
2023-01-24,group,0,0
2023-01-27,group,0,0
2023-01-29,group,0,0
2023-02-01,group,0,0
2023-02-09,group,0,0
2023-02-10,group,0,0
2023-02-11,group,0,0
2023-02-12,group,0,0
2023-02-13,group,0,0
2023-02-17,group,0,0
2023-02-18,group,0,0
2023-02-19,group,0,0
2023-02-20,group,0,0
2023-02-21,group,0,0
2023-03-01,group,0,0
2023-03-02,group,0,0
2023-03-03,group,0,0
2023-03-04,group,0,0
2023-03-05,group,0,0
2023-03-09,group,0,0
2023-03-10,group,0,0
2023-03-11,group,0,0
2023-03-12,group,0,0
2023-03-13,group,0,0
2023-03-17,group,0,0
2023-03-19,group,0,0
2023-03-22,group,0,0
2023-09-02,group,0,0
2023-09-03,group,0,0
2023-09-05,group,0,0
2023-09-06,group,0,0
2023-09-07,group,0,0
2023-09-08,group,0,0
2023-09-09,group,0,0
2023-09-10,group,0,0
2023-09-12,group,0,0
2023-09-13,group,0,0
2023-09-14,group,0,0
2023-09-15,group,0,0
2023-09-17,final,0,0
2023-10-10,group,0,0
2023-10-11,group,0,0
2023-10-12,group,0,0
2023-10-13,group,0,0
2023-10-14,group,0,0
2023-10-15,group,0,0
2023-10-16,group,0,0
2023-10-17,group,0,0
2023-10-18,group,0,0
2023-10-19,group,0,0
2023-10-20,group,0,0
2023-10-21,group,0,0
2023-10-22,group,0,0
2023-10-23,group,0,0
2023-10-24,group,0,0
2023-10-25,group,0,0
2023-10-26,group,0,0
2023-10-27,group,0,0
2023-10-28,group,0,0
2023-10-29,group,0,0
2023-10-30,group,0,0
2023-10-31,group,0,0
2023-11-01,group,0,0
2023-11-02,group,0,0
2023-11-03,group,0,0
2023-11-04,group,0,0
2023-11-05,group,0,0
2023-11-06,group,0,0
2023-11-07,group,0,0
2023-11-08,group,0,0
2023-11-09,group,0,0
2023-11-10,group,0,0
2023-11-11,group,0,0
2023-11-12,group,0,0
2023-11-13,group,0,0
2023-11-14,group,0,0
2023-11-15,group,0,0
2023-11-16,group,0,0
2023-11-17,group,0,0
2023-11-18,group,0,0
2023-11-21,semi-final,0,0
2023-11-23,semi-final,0,0
2023-11-26,final,0,0
2019-03-23,t20,0,0
2019-03-24,t20,0,0
2019-03-25,t20,0,0
2019-03-26,t20,0,0
2019-03-27,t20,0,0
2019-03-28,t20,0,0
2019-03-29,t20,0,0
2019-03-30,t20,0,0
2019-03-31,t20,0,0
2019-04-01,t20,0,0
2019-04-02,t20,0,0
2019-04-03,t20,0,0
2019-04-04,t20,0,0
2019-04-05,t20,0,0
2019-04-06,t20,0,0
2019-04-07,t20,0,0
2019-04-08,t20,0,0
2019-04-09,t20,0,0
2019-04-10,t20,0,0
2019-04-11,t20,0,0
2019-04-12,t20,0,0
2019-04-13,t20,0,0
2019-04-14,t20,0,0
2019-04-15,t20,0,0
2019-04-16,t20,0,0
2019-04-17,t20,0,0
2019-04-18,t20,0,0
2019-04-19,t20,0,0
2019-04-20,t20,0,0
2019-04-21,t20,0,0
2019-04-22,t20,0,0
2019-04-23,t20,0,0
2019-04-24,t20,0,0
2019-04-25,t20,0,0
2019-04-26,t20,0,0
2019-04-27,t20,0,0
2019-04-28,t20,0,0
2019-04-29,t20,0,0
2019-04-30,t20,0,0
2019-05-01,t20,0,0
2019-05-02,t20,0,0
2019-05-03,t20,0,0
2019-05-04,t20,0,0
2019-05-05,t20,0,0
2019-05-07,t20,0,0
2019-05-08,t20,0,0
2019-05-10,t20,0,0
2019-05-12,t20,0,0
2019-05-30,odi,0,0
2019-05-31,odi,0,0
2019-06-01,odi,0,0
2019-06-02,odi,0,0
2019-06-03,odi,0,0
2019-06-04,odi,0,0
2019-06-05,odi,0,0
2019-06-06,odi,0,0
2019-06-08,odi,0,0
2019-06-09,odi,0,0
2019-06-10,odi,0,0
2019-06-12,odi,0,0
2019-06-14,odi,0,0
2019-06-15,odi,0,0
2019-06-16,odi,0,0
2019-06-17,odi,0,0
2019-06-18,odi,0,0
2019-06-19,odi,0,0
2019-06-20,odi,0,0
2019-06-21,odi,0,0
2019-06-22,odi,0,0
2019-06-23,odi,0,0
2019-06-24,odi,0,0
2019-06-25,odi,0,0
2019-06-26,odi,0,0
2019-06-27,odi,0,0
2019-06-28,odi,0,0
2019-06-29,odi,0,0
2019-06-30,odi,0,0
2019-07-01,odi,0,0
2019-07-02,odi,0,0
2019-07-03,odi,0,0
2019-07-04,odi,0,0
2019-07-05,odi,0,0
2019-07-06,odi,0,0
2019-07-09,odi,0,0
2019-07-10,odi,0,0
2019-07-11,odi,0,0
2019-07-14,odi,0,0
2019-12-06,t20,0,0
2019-12-08,t20,0,0
2019-12-11,t20,0,0
2019-12-15,odi,0,0
2019-12-18,odi,0,0
2019-12-22,odi,0,0
2020-01-14,odi,0,0
2020-01-17,odi,0,0
2020-01-19,odi,0,0
2020-01-24,t20,0,0
2020-01-26,t20,0,0
2020-01-29,t20,0,0
2020-01-31,t20,0,0
2020-02-02,t20,0,0
2020-02-05,odi,0,0
2020-02-08,odi,0,0
2020-02-11,odi,0,0
2020-09-19,t20,0,0
2020-09-20,t20,0,0
2020-09-21,t20,0,0
2020-09-22,t20,0,0
2020-09-23,t20,0,0
2020-09-24,t20,0,0
2020-09-25,t20,0,0
2020-09-26,t20,0,0
2020-09-27,t20,0,0
2020-09-28,t20,0,0
2020-09-29,t20,0,0
2020-09-30,t20,0,0
2020-10-01,t20,0,0
2020-10-02,t20,0,0
2020-10-03,t20,0,0
2020-10-04,t20,0,0
2020-10-05,t20,0,0
2020-10-06,t20,0,0
2020-10-07,t20,0,0
2020-10-08,t20,0,0
2020-10-09,t20,0,0
2020-10-10,t20,0,0
2020-10-11,t20,0,0
2020-10-12,t20,0,0
2020-10-13,t20,0,0
2020-10-14,t20,0,0
2020-10-15,t20,0,0
2020-10-16,t20,0,0
2020-10-17,t20,0,0
2020-10-18,t20,0,0
2020-10-19,t20,0,0
2020-10-20,t20,0,0
2020-10-21,t20,0,0
2020-10-22,t20,0,0
2020-10-23,t20,0,0
2020-10-24,t20,0,0
2020-10-25,t20,0,0
2020-10-26,t20,0,0
2020-10-27,t20,0,0
2020-10-28,t20,0,0
2020-10-29,t20,0,0
2020-10-30,t20,0,0
2020-10-31,t20,0,0
2020-11-01,t20,0,0
2020-11-02,t20,0,0
2020-11-03,t20,0,0
2020-11-05,t20,0,0
2020-11-06,t20,0,0
2020-11-08,t20,0,0
2020-11-10,t20,0,0
2021-02-05,test,0,0
2021-02-06,test,0,0
2021-02-07,test,0,0
2021-02-08,test,0,0
2021-02-09,test,0,0
2021-02-13,test,0,0
2021-02-14,test,0,0
2021-02-15,test,0,0
2021-02-16,test,0,0
2021-02-24,test,0,0
2021-02-25,test,0,0
2021-03-04,test,0,0
2021-03-05,test,0,0
2021-03-06,test,0,0
2021-03-12,t20,0,0
2021-03-14,t20,0,0
2021-03-16,t20,0,0
2021-03-18,t20,0,0
2021-03-20,t20,0,0
2021-03-23,odi,0,0
2021-03-26,odi,0,0
2021-03-28,odi,0,0
2021-04-09,t20,0,0
2021-04-10,t20,0,0
2021-04-11,t20,0,0
2021-04-12,t20,0,0
2021-04-13,t20,0,0
2021-04-14,t20,0,0
2021-04-15,t20,0,0
2021-04-16,t20,0,0
2021-04-17,t20,0,0
2021-04-18,t20,0,0
2021-04-19,t20,0,0
2021-04-20,t20,0,0
2021-04-21,t20,0,0
2021-04-22,t20,0,0
2021-04-23,t20,0,0
2021-04-24,t20,0,0
2021-04-25,t20,0,0
2021-04-26,t20,0,0
2021-04-27,t20,0,0
2021-04-28,t20,0,0
2021-04-29,t20,0,0
2021-04-30,t20,0,0
2021-05-01,t20,0,0
2021-05-02,t20,0,0
2021-05-03,t20,0,0
2021-09-19,t20,0,0
2021-09-20,t20,0,0
2021-09-21,t20,0,0
2021-09-22,t20,0,0
2021-09-23,t20,0,0
2021-09-24,t20,0,0
2021-09-25,t20,0,0
2021-09-26,t20,0,0
2021-09-27,t20,0,0
2021-09-28,t20,0,0
2021-09-29,t20,0,0
2021-09-30,t20,0,0
2021-10-01,t20,0,0
2021-10-02,t20,0,0
2021-10-03,t20,0,0
2021-10-04,t20,0,0
2021-10-05,t20,0,0
2021-10-06,t20,0,0
2021-10-07,t20,0,0
2021-10-08,t20,0,0
2021-10-10,t20,0,0
2021-10-11,t20,0,0
2021-10-13,t20,0,0
2021-10-15,t20,0,0
2021-10-17,t20,0,0
2021-10-18,t20,0,0
2021-10-19,t20,0,0
2021-10-20,t20,0,0
2021-10-21,t20,0,0
2021-10-22,t20,0,0
2021-10-23,t20,0,0
2021-10-24,t20,0,0
2021-10-25,t20,0,0
2021-10-26,t20,0,0
2021-10-27,t20,0,0
2021-10-28,t20,0,0
2021-10-29,t20,0,0
2021-10-30,t20,0,0
2021-10-31,t20,0,0
2021-11-01,t20,0,0
2021-11-02,t20,0,0
2021-11-03,t20,0,0
2021-11-04,t20,0,0
2021-11-05,t20,0,0
2021-11-06,t20,0,0
2021-11-07,t20,0,0
2021-11-08,t20,0,0
2021-11-10,t20,0,0
2021-11-11,t20,0,0
2021-11-14,t20,0,0
2022-02-06,odi,0,0
2022-02-09,odi,0,0
2022-02-11,odi,0,0
2022-02-16,t20,0,0
2022-02-18,t20,0,0
2022-02-20,t20,0,0
2022-03-26,t20,0,0
2022-03-27,t20,0,0
2022-03-28,t20,0,0
2022-03-29,t20,0,0
2022-03-30,t20,0,0
2022-03-31,t20,0,0
2022-04-01,t20,0,0
2022-04-02,t20,0,0
2022-04-03,t20,0,0
2022-04-04,t20,0,0
2022-04-05,t20,0,0
2022-04-06,t20,0,0
2022-04-07,t20,0,0
2022-04-08,t20,0,0
2022-04-09,t20,0,0
2022-04-10,t20,0,0
2022-04-11,t20,0,0
2022-04-12,t20,0,0
2022-04-13,t20,0,0
2022-04-14,t20,0,0
2022-04-15,t20,0,0
2022-04-16,t20,0,0
2022-04-17,t20,0,0
2022-04-18,t20,0,0
2022-04-19,t20,0,0
2022-04-20,t20,0,0
2022-04-21,t20,0,0
2022-04-22,t20,0,0
2022-04-23,t20,0,0
2022-04-24,t20,0,0
2022-04-25,t20,0,0
2022-04-26,t20,0,0
2022-04-27,t20,0,0
2022-04-28,t20,0,0
2022-04-29,t20,0,0
2022-04-30,t20,0,0
2022-05-01,t20,0,0
2022-05-02,t20,0,0
2022-05-03,t20,0,0
2022-05-04,t20,0,0
2022-05-05,t20,0,0
2022-05-06,t20,0,0
2022-05-07,t20,0,0
2022-05-08,t20,0,0
2022-05-09,t20,0,0
2022-05-10,t20,0,0
2022-05-11,t20,0,0
2022-05-12,t20,0,0
2022-05-13,t20,0,0
2022-05-14,t20,0,0
2022-05-15,t20,0,0
2022-05-16,t20,0,0
2022-05-17,t20,0,0
2022-05-18,t20,0,0
2022-05-19,t20,0,0
2022-05-20,t20,0,0
2022-05-21,t20,0,0
2022-05-22,t20,0,0
2022-05-24,t20,0,0
2022-05-25,t20,0,0
2022-05-27,t20,0,0
2022-05-29,t20,0,0
2022-06-09,t20,0,0
2022-06-12,t20,0,0
2022-06-14,t20,0,0
2022-06-17,t20,0,0
2022-06-19,t20,0,0
2022-08-27,t20,0,0
2022-08-28,t20,0,0
2022-08-30,t20,0,0
2022-08-31,t20,0,0
2022-09-01,t20,0,0
2022-09-02,t20,0,0
2022-09-03,t20,0,0
2022-09-04,t20,0,0
2022-09-06,t20,0,0
2022-09-07,t20,0,0
2022-09-08,t20,0,0
2022-09-09,t20,0,0
2022-09-11,t20,0,0
2022-09-28,t20,0,0
2022-10-02,t20,0,0
2022-10-04,t20,0,0
2022-10-06,odi,0,0
2022-10-09,odi,0,0
2022-10-11,odi,0,0
2022-10-16,t20,0,0
2022-10-17,t20,0,0
2022-10-18,t20,0,0
2022-10-19,t20,0,0
2022-10-20,t20,0,0
2022-10-21,t20,0,0
2022-10-22,t20,0,0
2022-10-23,t20,0,0
2022-10-24,t20,0,0
2022-10-25,t20,0,0
2022-10-26,t20,0,0
2022-10-27,t20,0,0
2022-10-29,t20,0,0
2022-10-30,t20,0,0
2022-10-31,t20,0,0
2022-11-01,t20,0,0
2022-11-02,t20,0,0
2022-11-03,t20,0,0
2022-11-04,t20,0,0
2022-11-05,t20,0,0
2022-11-06,t20,0,0
2022-11-09,t20,0,0
2022-11-10,t20,0,0
2022-11-13,t20,0,0
2023-01-03,t20,0,0
2023-01-05,t20,0,0
2023-01-07,t20,0,0
2023-01-10,odi,0,0
2023-01-12,odi,0,0
2023-01-15,odi,0,0
2023-01-18,odi,0,0
2023-01-21,odi,0,0
2023-01-24,odi,0,0
2023-01-27,t20,0,0
2023-01-29,t20,0,0
2023-02-01,t20,0,0
2023-02-09,test,0,0
2023-02-10,test,0,0
2023-02-11,test,0,0
2023-02-12,test,0,0
2023-02-13,test,0,0
2023-02-17,test,0,0
2023-02-18,test,0,0
2023-02-19,test,0,0
2023-02-20,test,0,0
2023-02-21,test,0,0
2023-03-01,test,0,0
2023-03-02,test,0,0
2023-03-03,test,0,0
2023-03-04,test,0,0
2023-03-05,test,0,0
2023-03-09,test,0,0
2023-03-10,test,0,0
2023-03-11,test,0,0
2023-03-12,test,0,0
2023-03-13,test,0,0
2023-03-17,odi,0,0
2023-03-19,odi,0,0
2023-03-22,odi,0,0
2023-09-02,t20,0,0
2023-09-03,t20,0,0
2023-09-05,t20,0,0
2023-09-06,t20,0,0
2023-09-07,t20,0,0
2023-09-08,t20,0,0
2023-09-09,t20,0,0
2023-09-10,t20,0,0
2023-09-12,t20,0,0
2023-09-13,t20,0,0
2023-09-14,t20,0,0
2023-09-15,t20,0,0
2023-09-17,t20,0,0
2023-10-10,odi,0,0
2023-10-11,odi,0,0
2023-10-12,odi,0,0
2023-10-13,odi,0,0
2023-10-14,odi,0,0
2023-10-15,odi,0,0
2023-10-16,odi,0,0
2023-10-17,odi,0,0
2023-10-18,odi,0,0
2023-10-19,odi,0,0
2023-10-20,odi,0,0
2023-10-21,odi,0,0
2023-10-22,odi,0,0
2023-10-23,odi,0,0
2023-10-24,odi,0,0
2023-10-25,odi,0,0
2023-10-26,odi,0,0
2023-10-27,odi,0,0
2023-10-28,odi,0,0
2023-10-29,odi,0,0
2023-10-30,odi,0,0
2023-10-31,odi,0,0
2023-11-01,odi,0,0
2023-11-02,odi,0,0
2023-11-03,odi,0,0
2023-11-04,odi,0,0
2023-11-05,odi,0,0
2023-11-06,odi,0,0
2023-11-07,odi,0,0
2023-11-08,odi,0,0
2023-11-09,odi,0,0
2023-11-10,odi,0,0
2023-11-11,odi,0,0
2023-11-12,odi,0,0
2023-11-13,odi,0,0
2023-11-14,odi,0,0
2023-11-15,odi,0,0
2023-11-16,odi,0,0
2023-11-17,odi,0,0
2023-11-18,odi,0,0
2023-11-21,odi,0,0
2023-11-23,odi,0,0
2023-11-26,odi,0,0
2019-03-23,india_team,0,0
2019-03-24,india_team,0,0
2019-03-25,india_team,0,0
2019-03-26,india_team,0,0
2019-03-27,india_team,0,0
2019-03-28,india_team,0,0
2019-03-29,india_team,0,0
2019-03-30,india_team,0,0
2019-03-31,india_team,0,0
2019-04-01,india_team,0,0
2019-04-02,india_team,0,0
2019-04-03,india_team,0,0
2019-04-04,india_team,0,0
2019-04-05,india_team,0,0
2019-04-06,india_team,0,0
2019-04-07,india_team,0,0
2019-04-08,india_team,0,0
2019-04-09,india_team,0,0
2019-04-10,india_team,0,0
2019-04-11,india_team,0,0
2019-04-12,india_team,0,0
2019-04-13,india_team,0,0
2019-04-14,india_team,0,0
2019-04-15,india_team,0,0
2019-04-16,india_team,0,0
2019-04-17,india_team,0,0
2019-04-18,india_team,0,0
2019-04-19,india_team,0,0
2019-04-20,india_team,0,0
2019-04-21,india_team,0,0
2019-04-22,india_team,0,0
2019-04-23,india_team,0,0
2019-04-24,india_team,0,0
2019-04-25,india_team,0,0
2019-04-26,india_team,0,0
2019-04-27,india_team,0,0
2019-04-28,india_team,0,0
2019-04-29,india_team,0,0
2019-04-30,india_team,0,0
2019-05-01,india_team,0,0
2019-05-02,india_team,0,0
2019-05-03,india_team,0,0
2019-05-04,india_team,0,0
2019-05-05,india_team,0,0
2019-05-07,india_team,0,0
2019-05-08,india_team,0,0
2019-05-10,india_team,0,0
2019-05-12,india_team,0,0
2019-06-05,india_team,0,0
2019-06-09,india_team,0,0
2019-06-16,india_team,0,0
2019-06-22,india_team,0,0
2019-06-27,india_team,0,0
2019-06-30,india_team,0,0
2019-07-02,india_team,0,0
2019-07-06,india_team,0,0
2019-07-09,india_team,0,0
2019-07-10,india_team,0,0
2019-12-06,india_team,0,0
2019-12-08,india_team,0,0
2019-12-11,india_team,0,0
2019-12-15,india_team,0,0
2019-12-18,india_team,0,0
2019-12-22,india_team,0,0
2020-01-14,india_team,0,0
2020-01-17,india_team,0,0
2020-01-19,india_team,0,0
2020-01-24,india_team,0,0
2020-01-26,india_team,0,0
2020-01-29,india_team,0,0
2020-01-31,india_team,0,0
2020-02-02,india_team,0,0
2020-02-05,india_team,0,0
2020-02-08,india_team,0,0
2020-02-11,india_team,0,0
2020-09-19,india_team,0,0
2020-09-20,india_team,0,0
2020-09-21,india_team,0,0
2020-09-22,india_team,0,0
2020-09-23,india_team,0,0
2020-09-24,india_team,0,0
2020-09-25,india_team,0,0
2020-09-26,india_team,0,0
2020-09-27,india_team,0,0
2020-09-28,india_team,0,0
2020-09-29,india_team,0,0
2020-09-30,india_team,0,0
2020-10-01,india_team,0,0
2020-10-02,india_team,0,0
2020-10-03,india_team,0,0
2020-10-04,india_team,0,0
2020-10-05,india_team,0,0
2020-10-06,india_team,0,0
2020-10-07,india_team,0,0
2020-10-08,india_team,0,0
2020-10-09,india_team,0,0
2020-10-10,india_team,0,0
2020-10-11,india_team,0,0
2020-10-12,india_team,0,0
2020-10-13,india_team,0,0
2020-10-14,india_team,0,0
2020-10-15,india_team,0,0
2020-10-16,india_team,0,0
2020-10-17,india_team,0,0
2020-10-18,india_team,0,0
2020-10-19,india_team,0,0
2020-10-20,india_team,0,0
2020-10-21,india_team,0,0
2020-10-22,india_team,0,0
2020-10-23,india_team,0,0
2020-10-24,india_team,0,0
2020-10-25,india_team,0,0
2020-10-26,india_team,0,0
2020-10-27,india_team,0,0
2020-10-28,india_team,0,0
2020-10-29,india_team,0,0
2020-10-30,india_team,0,0
2020-10-31,india_team,0,0
2020-11-01,india_team,0,0
2020-11-02,india_team,0,0
2020-11-03,india_team,0,0
2020-11-05,india_team,0,0
2020-11-06,india_team,0,0
2020-11-08,india_team,0,0
2020-11-10,india_team,0,0
2021-02-05,india_team,0,0
2021-02-06,india_team,0,0
2021-02-07,india_team,0,0
2021-02-08,india_team,0,0
2021-02-09,india_team,0,0
2021-02-13,india_team,0,0
2021-02-14,india_team,0,0
2021-02-15,india_team,0,0
2021-02-16,india_team,0,0
2021-02-24,india_team,0,0
2021-02-25,india_team,0,0
2021-03-04,india_team,0,0
2021-03-05,india_team,0,0
2021-03-06,india_team,0,0
2021-03-12,india_team,0,0
2021-03-14,india_team,0,0
2021-03-16,india_team,0,0
2021-03-18,india_team,0,0
2021-03-20,india_team,0,0
2021-03-23,india_team,0,0
2021-03-26,india_team,0,0
2021-03-28,india_team,0,0
2021-10-24,india_team,0,0
2021-10-31,india_team,0,0
2021-11-03,india_team,0,0
2021-11-05,india_team,0,0
2021-11-08,india_team,0,0
2022-02-06,india_team,0,0
2022-02-09,india_team,0,0
2022-02-11,india_team,0,0
2022-02-16,india_team,0,0
2022-02-18,india_team,0,0
2022-02-20,india_team,0,0
2022-03-26,india_team,0,0
2022-03-27,india_team,0,0
2022-05-27,india_team,0,0
2022-05-29,india_team,0,0
2022-06-09,india_team,0,0
2022-06-12,india_team,0,0
2022-06-14,india_team,0,0
2022-06-17,india_team,0,0
2022-06-19,india_team,0,0
2022-08-28,india_team,0,0
2022-08-31,india_team,0,0
2022-09-04,india_team,0,0
2022-09-06,india_team,0,0
2022-09-08,india_team,0,0
2022-09-28,india_team,0,0
2022-10-02,india_team,0,0
2022-10-04,india_team,0,0
2022-10-06,india_team,0,0
2022-10-09,india_team,0,0
2022-10-11,india_team,0,0
2022-10-23,india_team,0,0
2022-10-27,india_team,0,0
2022-10-30,india_team,0,0
2022-11-02,india_team,0,0
2022-11-06,india_team,0,0
2022-11-10,india_team,0,0
2023-01-03,india_team,0,0
2023-01-05,india_team,0,0
2023-01-07,india_team,0,0
2023-01-10,india_team,0,0
2023-01-12,india_team,0,0
2023-01-15,india_team,0,0
2023-01-18,india_team,0,0
2023-01-21,india_team,0,0
2023-01-24,india_team,0,0
2023-01-27,india_team,0,0
2023-01-29,india_team,0,0
2023-02-01,india_team,0,0
2023-02-09,india_team,0,0
2023-02-10,india_team,0,0
2023-02-11,india_team,0,0
2023-02-12,india_team,0,0
2023-02-13,india_team,0,0
2023-02-17,india_team,0,0
2023-02-18,india_team,0,0
2023-02-19,india_team,0,0
2023-02-20,india_team,0,0
2023-02-21,india_team,0,0
2023-03-01,india_team,0,0
2023-03-02,india_team,0,0
2023-03-03,india_team,0,0
2023-03-04,india_team,0,0
2023-03-05,india_team,0,0
2023-03-09,india_team,0,0
2023-03-10,india_team,0,0
2023-03-11,india_team,0,0
2023-03-12,india_team,0,0
2023-03-13,india_team,0,0
2023-03-17,india_team,0,0
2023-03-19,india_team,0,0
2023-03-22,india_team,0,0
2023-09-03,india_team,0,0
2023-09-06,india_team,0,0
2023-09-12,india_team,0,0
2023-09-14,india_team,0,0
2023-10-16,india_team,0,0
2023-10-21,india_team,0,0
2023-10-25,india_team,0,0
2023-10-28,india_team,0,0
2023-11-03,india_team,0,0
2023-11-08,india_team,0,0
2023-11-11,india_team,0,0
2023-11-13,india_team,0,0
2023-11-17,india_team,0,0
2019-03-23,national,0,0
2019-03-24,national,0,0
2019-03-25,national,0,0
2019-03-26,national,0,0
2019-03-27,national,0,0
2019-03-28,national,0,0
2019-03-29,national,0,0
2019-03-30,national,0,0
2019-03-31,national,0,0
2019-04-01,national,0,0
2019-04-02,national,0,0
2019-04-03,national,0,0
2019-04-04,national,0,0
2019-04-05,national,0,0
2019-04-06,national,0,0
2019-04-07,national,0,0
2019-04-08,national,0,0
2019-04-09,national,0,0
2019-04-10,national,0,0
2019-04-11,national,0,0
2019-04-12,national,0,0
2019-04-13,national,0,0
2019-04-14,national,0,0
2019-04-15,national,0,0
2019-04-16,national,0,0
2019-04-17,national,0,0
2019-04-18,national,0,0
2019-04-19,national,0,0
2019-04-20,national,0,0
2019-04-21,national,0,0
2019-04-22,national,0,0
2019-04-23,national,0,0
2019-04-24,national,0,0
2019-04-25,national,0,0
2019-04-26,national,0,0
2019-04-27,national,0,0
2019-04-28,national,0,0
2019-04-29,national,0,0
2019-04-30,national,0,0
2019-05-01,national,0,0
2019-05-02,national,0,0
2019-05-03,national,0,0
2019-05-04,national,0,0
2019-05-05,national,0,0
2019-05-07,national,0,0
2019-05-08,national,0,0
2019-05-10,national,0,0
2019-05-12,national,0,0
2019-05-30,international,0,0
2019-05-31,international,0,0
2019-06-01,international,0,0
2019-06-02,international,0,0
2019-06-03,international,0,0
2019-06-04,international,0,0
2019-06-05,international,0,0
2019-06-06,international,0,0
2019-06-08,international,0,0
2019-06-09,international,0,0
2019-06-10,international,0,0
2019-06-12,international,0,0
2019-06-14,international,0,0
2019-06-15,international,0,0
2019-06-16,international,0,0
2019-06-17,international,0,0
2019-06-18,international,0,0
2019-06-19,international,0,0
2019-06-20,international,0,0
2019-06-21,international,0,0
2019-06-22,international,0,0
2019-06-23,international,0,0
2019-06-24,international,0,0
2019-06-25,international,0,0
2019-06-26,international,0,0
2019-06-27,international,0,0
2019-06-28,international,0,0
2019-06-29,international,0,0
2019-06-30,international,0,0
2019-07-01,international,0,0
2019-07-02,international,0,0
2019-07-03,international,0,0
2019-07-04,international,0,0
2019-07-05,international,0,0
2019-07-06,international,0,0
2019-07-09,international,0,0
2019-07-10,international,0,0
2019-07-11,international,0,0
2019-07-14,international,0,0
2019-12-06,tour,0,0
2019-12-08,tour,0,0
2019-12-11,tour,0,0
2019-12-15,tour,0,0
2019-12-18,tour,0,0
2019-12-22,tour,0,0
2020-01-14,tour,0,0
2020-01-17,tour,0,0
2020-01-19,tour,0,0
2020-01-24,tour,0,0
2020-01-26,tour,0,0
2020-01-29,tour,0,0
2020-01-31,tour,0,0
2020-02-02,tour,0,0
2020-02-05,tour,0,0
2020-02-08,tour,0,0
2020-02-11,tour,0,0
2020-09-19,national,0,0
2020-09-20,national,0,0
2020-09-21,national,0,0
2020-09-22,national,0,0
2020-09-23,national,0,0
2020-09-24,national,0,0
2020-09-25,national,0,0
2020-09-26,national,0,0
2020-09-27,national,0,0
2020-09-28,national,0,0
2020-09-29,national,0,0
2020-09-30,national,0,0
2020-10-01,national,0,0
2020-10-02,national,0,0
2020-10-03,national,0,0
2020-10-04,national,0,0
2020-10-05,national,0,0
2020-10-06,national,0,0
2020-10-07,national,0,0
2020-10-08,national,0,0
2020-10-09,national,0,0
2020-10-10,national,0,0
2020-10-11,national,0,0
2020-10-12,national,0,0
2020-10-13,national,0,0
2020-10-14,national,0,0
2020-10-15,national,0,0
2020-10-16,national,0,0
2020-10-17,national,0,0
2020-10-18,national,0,0
2020-10-19,national,0,0
2020-10-20,national,0,0
2020-10-21,national,0,0
2020-10-22,national,0,0
2020-10-23,national,0,0
2020-10-24,national,0,0
2020-10-25,national,0,0
2020-10-26,national,0,0
2020-10-27,national,0,0
2020-10-28,national,0,0
2020-10-29,national,0,0
2020-10-30,national,0,0
2020-10-31,national,0,0
2020-11-01,national,0,0
2020-11-02,national,0,0
2020-11-03,national,0,0
2020-11-05,national,0,0
2020-11-06,national,0,0
2020-11-08,national,0,0
2020-11-10,national,0,0
2021-02-05,tour,0,0
2021-02-06,tour,0,0
2021-02-07,tour,0,0
2021-02-08,tour,0,0
2021-02-09,tour,0,0
2021-02-13,tour,0,0
2021-02-14,tour,0,0
2021-02-15,tour,0,0
2021-02-16,tour,0,0
2021-02-24,tour,0,0
2021-02-25,tour,0,0
2021-03-04,tour,0,0
2021-03-05,tour,0,0
2021-03-06,tour,0,0
2021-03-12,tour,0,0
2021-03-14,tour,0,0
2021-03-16,tour,0,0
2021-03-18,tour,0,0
2021-03-20,tour,0,0
2021-03-23,tour,0,0
2021-03-26,tour,0,0
2021-03-28,tour,0,0
2021-04-09,national,0,0
2021-04-10,national,0,0
2021-04-11,national,0,0
2021-04-12,national,0,0
2021-04-13,national,0,0
2021-04-14,national,0,0
2021-04-15,national,0,0
2021-04-16,national,0,0
2021-04-17,national,0,0
2021-04-18,national,0,0
2021-04-19,national,0,0
2021-04-20,national,0,0
2021-04-21,national,0,0
2021-04-22,national,0,0
2021-04-23,national,0,0
2021-04-24,national,0,0
2021-04-25,national,0,0
2021-04-26,national,0,0
2021-04-27,national,0,0
2021-04-28,national,0,0
2021-04-29,national,0,0
2021-04-30,national,0,0
2021-05-01,national,0,0
2021-05-02,national,0,0
2021-05-03,national,0,0
2021-09-19,national,0,0
2021-09-20,national,0,0
2021-09-21,national,0,0
2021-09-22,national,0,0
2021-09-23,national,0,0
2021-09-24,national,0,0
2021-09-25,national,0,0
2021-09-26,national,0,0
2021-09-27,national,0,0
2021-09-28,national,0,0
2021-09-29,national,0,0
2021-09-30,national,0,0
2021-10-01,national,0,0
2021-10-02,national,0,0
2021-10-03,national,0,0
2021-10-04,national,0,0
2021-10-05,national,0,0
2021-10-06,national,0,0
2021-10-07,national,0,0
2021-10-08,national,0,0
2021-10-10,national,0,0
2021-10-11,national,0,0
2021-10-13,national,0,0
2021-10-15,national,0,0
2021-10-17,international,0,0
2021-10-18,international,0,0
2021-10-19,international,0,0
2021-10-20,international,0,0
2021-10-21,international,0,0
2021-10-22,international,0,0
2021-10-23,international,0,0
2021-10-24,international,0,0
2021-10-25,international,0,0
2021-10-26,international,0,0
2021-10-27,international,0,0
2021-10-28,international,0,0
2021-10-29,international,0,0
2021-10-30,international,0,0
2021-10-31,international,0,0
2021-11-01,international,0,0
2021-11-02,international,0,0
2021-11-03,international,0,0
2021-11-04,international,0,0
2021-11-05,international,0,0
2021-11-06,international,0,0
2021-11-07,international,0,0
2021-11-08,international,0,0
2021-11-10,international,0,0
2021-11-11,international,0,0
2021-11-14,international,0,0
2022-02-06,tour,0,0
2022-02-09,tour,0,0
2022-02-11,tour,0,0
2022-02-16,tour,0,0
2022-02-18,tour,0,0
2022-02-20,tour,0,0
2022-03-26,national,0,0
2022-03-27,national,0,0
2022-03-28,national,0,0
2022-03-29,national,0,0
2022-03-30,national,0,0
2022-03-31,national,0,0
2022-04-01,national,0,0
2022-04-02,national,0,0
2022-04-03,national,0,0
2022-04-04,national,0,0
2022-04-05,national,0,0
2022-04-06,national,0,0
2022-04-07,national,0,0
2022-04-08,national,0,0
2022-04-09,national,0,0
2022-04-10,national,0,0
2022-04-11,national,0,0
2022-04-12,national,0,0
2022-04-13,national,0,0
2022-04-14,national,0,0
2022-04-15,national,0,0
2022-04-16,national,0,0
2022-04-17,national,0,0
2022-04-18,national,0,0
2022-04-19,national,0,0
2022-04-20,national,0,0
2022-04-21,national,0,0
2022-04-22,national,0,0
2022-04-23,national,0,0
2022-04-24,national,0,0
2022-04-25,national,0,0
2022-04-26,national,0,0
2022-04-27,national,0,0
2022-04-28,national,0,0
2022-04-29,national,0,0
2022-04-30,national,0,0
2022-05-01,national,0,0
2022-05-02,national,0,0
2022-05-03,national,0,0
2022-05-04,national,0,0
2022-05-05,national,0,0
2022-05-06,national,0,0
2022-05-07,national,0,0
2022-05-08,national,0,0
2022-05-09,national,0,0
2022-05-10,national,0,0
2022-05-11,national,0,0
2022-05-12,national,0,0
2022-05-13,national,0,0
2022-05-14,national,0,0
2022-05-15,national,0,0
2022-05-16,national,0,0
2022-05-17,national,0,0
2022-05-18,national,0,0
2022-05-19,national,0,0
2022-05-20,national,0,0
2022-05-21,national,0,0
2022-05-22,national,0,0
2022-05-24,national,0,0
2022-05-25,national,0,0
2022-05-27,national,0,0
2022-05-29,national,0,0
2022-06-09,tour,0,0
2022-06-12,tour,0,0
2022-06-14,tour,0,0
2022-06-17,tour,0,0
2022-06-19,tour,0,0
2022-08-27,international,0,0
2022-08-28,international,0,0
2022-08-30,international,0,0
2022-08-31,international,0,0
2022-09-01,international,0,0
2022-09-02,international,0,0
2022-09-03,international,0,0
2022-09-04,international,0,0
2022-09-06,international,0,0
2022-09-07,international,0,0
2022-09-08,international,0,0
2022-09-09,international,0,0
2022-09-11,international,0,0
2022-09-28,tour,0,0
2022-10-02,tour,0,0
2022-10-04,tour,0,0
2022-10-06,tour,0,0
2022-10-09,tour,0,0
2022-10-11,tour,0,0
2022-10-16,international,0,0
2022-10-17,international,0,0
2022-10-18,international,0,0
2022-10-19,international,0,0
2022-10-20,international,0,0
2022-10-21,international,0,0
2022-10-22,international,0,0
2022-10-23,international,0,0
2022-10-24,international,0,0
2022-10-25,international,0,0
2022-10-26,international,0,0
2022-10-27,international,0,0
2022-10-29,international,0,0
2022-10-30,international,0,0
2022-10-31,international,0,0
2022-11-01,international,0,0
2022-11-02,international,0,0
2022-11-03,international,0,0
2022-11-04,international,0,0
2022-11-05,international,0,0
2022-11-06,international,0,0
2022-11-09,international,0,0
2022-11-10,international,0,0
2022-11-13,international,0,0
2023-01-03,tour,0,0
2023-01-05,tour,0,0
2023-01-07,tour,0,0
2023-01-10,tour,0,0
2023-01-12,tour,0,0
2023-01-15,tour,0,0
2023-01-18,tour,0,0
2023-01-21,tour,0,0
2023-01-24,tour,0,0
2023-01-27,tour,0,0
2023-01-29,tour,0,0
2023-02-01,tour,0,0
2023-02-09,tour,0,0
2023-02-10,tour,0,0
2023-02-11,tour,0,0
2023-02-12,tour,0,0
2023-02-13,tour,0,0
2023-02-17,tour,0,0
2023-02-18,tour,0,0
2023-02-19,tour,0,0
2023-02-20,tour,0,0
2023-02-21,tour,0,0
2023-03-01,tour,0,0
2023-03-02,tour,0,0
2023-03-03,tour,0,0
2023-03-04,tour,0,0
2023-03-05,tour,0,0
2023-03-09,tour,0,0
2023-03-10,tour,0,0
2023-03-11,tour,0,0
2023-03-12,tour,0,0
2023-03-13,tour,0,0
2023-03-17,tour,0,0
2023-03-19,tour,0,0
2023-03-22,tour,0,0
2023-09-02,international,0,0
2023-09-03,international,0,0
2023-09-05,international,0,0
2023-09-06,international,0,0
2023-09-07,international,0,0
2023-09-08,international,0,0
2023-09-09,international,0,0
2023-09-10,international,0,0
2023-09-12,international,0,0
2023-09-13,international,0,0
2023-09-14,international,0,0
2023-09-15,international,0,0
2023-09-17,international,0,0
2023-10-10,international,0,0
2023-10-11,international,0,0
2023-10-12,international,0,0
2023-10-13,international,0,0
2023-10-14,international,0,0
2023-10-15,international,0,0
2023-10-16,international,0,0
2023-10-17,international,0,0
2023-10-18,international,0,0
2023-10-19,international,0,0
2023-10-20,international,0,0
2023-10-21,international,0,0
2023-10-22,international,0,0
2023-10-23,international,0,0
2023-10-24,international,0,0
2023-10-25,international,0,0
2023-10-26,international,0,0
2023-10-27,international,0,0
2023-10-28,international,0,0
2023-10-29,international,0,0
2023-10-30,international,0,0
2023-10-31,international,0,0
2023-11-01,international,0,0
2023-11-02,international,0,0
2023-11-03,international,0,0
2023-11-04,international,0,0
2023-11-05,international,0,0
2023-11-06,international,0,0
2023-11-07,international,0,0
2023-11-08,international,0,0
2023-11-09,international,0,0
2023-11-10,international,0,0
2023-11-11,international,0,0
2023-11-12,international,0,0
2023-11-13,international,0,0
2023-11-14,international,0,0
2023-11-15,international,0,0
2023-11-16,international,0,0
2023-11-17,international,0,0
2023-11-18,international,0,0
2023-11-21,international,0,0
2023-11-23,international,0,0
2023-11-26,international,0,0
2019-03-23,ipl,0,0
2019-03-24,ipl,0,0
2019-03-25,ipl,0,0
2019-03-26,ipl,0,0
2019-03-27,ipl,0,0
2019-03-28,ipl,0,0
2019-03-29,ipl,0,0
2019-03-30,ipl,0,0
2019-03-31,ipl,0,0
2019-04-01,ipl,0,0
2019-04-02,ipl,0,0
2019-04-03,ipl,0,0
2019-04-04,ipl,0,0
2019-04-05,ipl,0,0
2019-04-06,ipl,0,0
2019-04-07,ipl,0,0
2019-04-08,ipl,0,0
2019-04-09,ipl,0,0
2019-04-10,ipl,0,0
2019-04-11,ipl,0,0
2019-04-12,ipl,0,0
2019-04-13,ipl,0,0
2019-04-14,ipl,0,0
2019-04-15,ipl,0,0
2019-04-16,ipl,0,0
2019-04-17,ipl,0,0
2019-04-18,ipl,0,0
2019-04-19,ipl,0,0
2019-04-20,ipl,0,0
2019-04-21,ipl,0,0
2019-04-22,ipl,0,0
2019-04-23,ipl,0,0
2019-04-24,ipl,0,0
2019-04-25,ipl,0,0
2019-04-26,ipl,0,0
2019-04-27,ipl,0,0
2019-04-28,ipl,0,0
2019-04-29,ipl,0,0
2019-04-30,ipl,0,0
2019-05-01,ipl,0,0
2019-05-02,ipl,0,0
2019-05-03,ipl,0,0
2019-05-04,ipl,0,0
2019-05-05,ipl,0,0
2019-05-07,ipl,0,0
2019-05-08,ipl,0,0
2019-05-10,ipl,0,0
2019-05-12,ipl,0,0
2019-05-30,cricket world cup,0,0
2019-05-31,cricket world cup,0,0
2019-06-01,cricket world cup,0,0
2019-06-02,cricket world cup,0,0
2019-06-03,cricket world cup,0,0
2019-06-04,cricket world cup,0,0
2019-06-05,cricket world cup,0,0
2019-06-06,cricket world cup,0,0
2019-06-08,cricket world cup,0,0
2019-06-09,cricket world cup,0,0
2019-06-10,cricket world cup,0,0
2019-06-12,cricket world cup,0,0
2019-06-14,cricket world cup,0,0
2019-06-15,cricket world cup,0,0
2019-06-16,cricket world cup,0,0
2019-06-17,cricket world cup,0,0
2019-06-18,cricket world cup,0,0
2019-06-19,cricket world cup,0,0
2019-06-20,cricket world cup,0,0
2019-06-21,cricket world cup,0,0
2019-06-22,cricket world cup,0,0
2019-06-23,cricket world cup,0,0
2019-06-24,cricket world cup,0,0
2019-06-25,cricket world cup,0,0
2019-06-26,cricket world cup,0,0
2019-06-27,cricket world cup,0,0
2019-06-28,cricket world cup,0,0
2019-06-29,cricket world cup,0,0
2019-06-30,cricket world cup,0,0
2019-07-01,cricket world cup,0,0
2019-07-02,cricket world cup,0,0
2019-07-03,cricket world cup,0,0
2019-07-04,cricket world cup,0,0
2019-07-05,cricket world cup,0,0
2019-07-06,cricket world cup,0,0
2019-07-09,cricket world cup,0,0
2019-07-10,cricket world cup,0,0
2019-07-11,cricket world cup,0,0
2019-07-14,cricket world cup,0,0
2019-12-06,west indies tour india,0,0
2019-12-08,west indies tour india,0,0
2019-12-11,west indies tour india,0,0
2019-12-15,west indies tour india,0,0
2019-12-18,west indies tour india,0,0
2019-12-22,west indies tour india,0,0
2020-01-14,australia tour of india,0,0
2020-01-17,australia tour of india,0,0
2020-01-19,australia tour of india,0,0
2020-01-24,india tour of new zealand,0,0
2020-01-26,india tour of new zealand,0,0
2020-01-29,india tour of new zealand,0,0
2020-01-31,india tour of new zealand,0,0
2020-02-02,india tour of new zealand,0,0
2020-02-05,india tour of new zealand,0,0
2020-02-08,india tour of new zealand,0,0
2020-02-11,india tour of new zealand,0,0
2020-09-19,ipl,0,0
2020-09-20,ipl,0,0
2020-09-21,ipl,0,0
2020-09-22,ipl,0,0
2020-09-23,ipl,0,0
2020-09-24,ipl,0,0
2020-09-25,ipl,0,0
2020-09-26,ipl,0,0
2020-09-27,ipl,0,0
2020-09-28,ipl,0,0
2020-09-29,ipl,0,0
2020-09-30,ipl,0,0
2020-10-01,ipl,0,0
2020-10-02,ipl,0,0
2020-10-03,ipl,0,0
2020-10-04,ipl,0,0
2020-10-05,ipl,0,0
2020-10-06,ipl,0,0
2020-10-07,ipl,0,0
2020-10-08,ipl,0,0
2020-10-09,ipl,0,0
2020-10-10,ipl,0,0
2020-10-11,ipl,0,0
2020-10-12,ipl,0,0
2020-10-13,ipl,0,0
2020-10-14,ipl,0,0
2020-10-15,ipl,0,0
2020-10-16,ipl,0,0
2020-10-17,ipl,0,0
2020-10-18,ipl,0,0
2020-10-19,ipl,0,0
2020-10-20,ipl,0,0
2020-10-21,ipl,0,0
2020-10-22,ipl,0,0
2020-10-23,ipl,0,0
2020-10-24,ipl,0,0
2020-10-25,ipl,0,0
2020-10-26,ipl,0,0
2020-10-27,ipl,0,0
2020-10-28,ipl,0,0
2020-10-29,ipl,0,0
2020-10-30,ipl,0,0
2020-10-31,ipl,0,0
2020-11-01,ipl,0,0
2020-11-02,ipl,0,0
2020-11-03,ipl,0,0
2020-11-05,ipl,0,0
2020-11-06,ipl,0,0
2020-11-08,ipl,0,0
2020-11-10,ipl,0,0
2021-02-05,england tour of india,0,0
2021-02-06,england tour of india,0,0
2021-02-07,england tour of india,0,0
2021-02-08,england tour of india,0,0
2021-02-09,england tour of india,0,0
2021-02-13,england tour of india,0,0
2021-02-14,england tour of india,0,0
2021-02-15,england tour of india,0,0
2021-02-16,england tour of india,0,0
2021-02-24,england tour of india,0,0
2021-02-25,england tour of india,0,0
2021-03-04,england tour of india,0,0
2021-03-05,england tour of india,0,0
2021-03-06,england tour of india,0,0
2021-03-12,england tour of india,0,0
2021-03-14,england tour of india,0,0
2021-03-16,england tour of india,0,0
2021-03-18,england tour of india,0,0
2021-03-20,england tour of india,0,0
2021-03-23,england tour of india,0,0
2021-03-26,england tour of india,0,0
2021-03-28,england tour of india,0,0
2021-04-09,ipl,0,0
2021-04-10,ipl,0,0
2021-04-11,ipl,0,0
2021-04-12,ipl,0,0
2021-04-13,ipl,0,0
2021-04-14,ipl,0,0
2021-04-15,ipl,0,0
2021-04-16,ipl,0,0
2021-04-17,ipl,0,0
2021-04-18,ipl,0,0
2021-04-19,ipl,0,0
2021-04-20,ipl,0,0
2021-04-21,ipl,0,0
2021-04-22,ipl,0,0
2021-04-23,ipl,0,0
2021-04-24,ipl,0,0
2021-04-25,ipl,0,0
2021-04-26,ipl,0,0
2021-04-27,ipl,0,0
2021-04-28,ipl,0,0
2021-04-29,ipl,0,0
2021-04-30,ipl,0,0
2021-05-01,ipl,0,0
2021-05-02,ipl,0,0
2021-05-03,ipl,0,0
2021-09-19,ipl,0,0
2021-09-20,ipl,0,0
2021-09-21,ipl,0,0
2021-09-22,ipl,0,0
2021-09-23,ipl,0,0
2021-09-24,ipl,0,0
2021-09-25,ipl,0,0
2021-09-26,ipl,0,0
2021-09-27,ipl,0,0
2021-09-28,ipl,0,0
2021-09-29,ipl,0,0
2021-09-30,ipl,0,0
2021-10-01,ipl,0,0
2021-10-02,ipl,0,0
2021-10-03,ipl,0,0
2021-10-04,ipl,0,0
2021-10-05,ipl,0,0
2021-10-06,ipl,0,0
2021-10-07,ipl,0,0
2021-10-08,ipl,0,0
2021-10-10,ipl,0,0
2021-10-11,ipl,0,0
2021-10-13,ipl,0,0
2021-10-15,ipl,0,0
2021-10-17,world cup,0,0
2021-10-18,world cup,0,0
2021-10-19,world cup,0,0
2021-10-20,world cup,0,0
2021-10-21,world cup,0,0
2021-10-22,world cup,0,0
2021-10-23,world cup,0,0
2021-10-24,world cup,0,0
2021-10-25,world cup,0,0
2021-10-26,world cup,0,0
2021-10-27,world cup,0,0
2021-10-28,world cup,0,0
2021-10-29,world cup,0,0
2021-10-30,world cup,0,0
2021-10-31,world cup,0,0
2021-11-01,world cup,0,0
2021-11-02,world cup,0,0
2021-11-03,world cup,0,0
2021-11-04,world cup,0,0
2021-11-05,world cup,0,0
2021-11-06,world cup,0,0
2021-11-07,world cup,0,0
2021-11-08,world cup,0,0
2021-11-10,world cup,0,0
2021-11-11,world cup,0,0
2021-11-14,world cup,0,0
2022-02-06,west indies tour of india,0,0
2022-02-09,west indies tour of india,0,0
2022-02-11,west indies tour of india,0,0
2022-02-16,west indies tour of india,0,0
2022-02-18,west indies tour of india,0,0
2022-02-20,west indies tour of india,0,0
2022-03-26,ipl,0,0
2022-03-27,ipl,0,0
2022-03-28,ipl,0,0
2022-03-29,ipl,0,0
2022-03-30,ipl,0,0
2022-03-31,ipl,0,0
2022-04-01,ipl,0,0
2022-04-02,ipl,0,0
2022-04-03,ipl,0,0
2022-04-04,ipl,0,0
2022-04-05,ipl,0,0
2022-04-06,ipl,0,0
2022-04-07,ipl,0,0
2022-04-08,ipl,0,0
2022-04-09,ipl,0,0
2022-04-10,ipl,0,0
2022-04-11,ipl,0,0
2022-04-12,ipl,0,0
2022-04-13,ipl,0,0
2022-04-14,ipl,0,0
2022-04-15,ipl,0,0
2022-04-16,ipl,0,0
2022-04-17,ipl,0,0
2022-04-18,ipl,0,0
2022-04-19,ipl,0,0
2022-04-20,ipl,0,0
2022-04-21,ipl,0,0
2022-04-22,ipl,0,0
2022-04-23,ipl,0,0
2022-04-24,ipl,0,0
2022-04-25,ipl,0,0
2022-04-26,ipl,0,0
2022-04-27,ipl,0,0
2022-04-28,ipl,0,0
2022-04-29,ipl,0,0
2022-04-30,ipl,0,0
2022-05-01,ipl,0,0
2022-05-02,ipl,0,0
2022-05-03,ipl,0,0
2022-05-04,ipl,0,0
2022-05-05,ipl,0,0
2022-05-06,ipl,0,0
2022-05-07,ipl,0,0
2022-05-08,ipl,0,0
2022-05-09,ipl,0,0
2022-05-10,ipl,0,0
2022-05-11,ipl,0,0
2022-05-12,ipl,0,0
2022-05-13,ipl,0,0
2022-05-14,ipl,0,0
2022-05-15,ipl,0,0
2022-05-16,ipl,0,0
2022-05-17,ipl,0,0
2022-05-18,ipl,0,0
2022-05-19,ipl,0,0
2022-05-20,ipl,0,0
2022-05-21,ipl,0,0
2022-05-22,ipl,0,0
2022-05-24,ipl,0,0
2022-05-25,ipl,0,0
2022-05-27,ipl,0,0
2022-05-29,ipl,0,0
2022-06-09,south africa tour of india,0,0
2022-06-12,south africa tour of india,0,0
2022-06-14,south africa tour of india,0,0
2022-06-17,south africa tour of india,0,0
2022-06-19,south africa tour of india,0,0
2022-08-27,asia cup,0,0
2022-08-28,asia cup,0,0
2022-08-30,asia cup,0,0
2022-08-31,asia cup,0,0
2022-09-01,asia cup,0,0
2022-09-02,asia cup,0,0
2022-09-03,asia cup,0,0
2022-09-04,asia cup,0,0
2022-09-06,asia cup,0,0
2022-09-07,asia cup,0,0
2022-09-08,asia cup,0,0
2022-09-09,asia cup,0,0
2022-09-11,asia cup,0,0
2022-09-28,south africa tour of india,0,0
2022-10-02,south africa tour of india,0,0
2022-10-04,south africa tour of india,0,0
2022-10-06,south africa tour of india,0,0
2022-10-09,south africa tour of india,0,0
2022-10-11,south africa tour of india,0,0
2022-10-16,world cup,0,0
2022-10-17,world cup,0,0
2022-10-18,world cup,0,0
2022-10-19,world cup,0,0
2022-10-20,world cup,0,0
2022-10-21,world cup,0,0
2022-10-22,world cup,0,0
2022-10-23,world cup,0,0
2022-10-24,world cup,0,0
2022-10-25,world cup,0,0
2022-10-26,world cup,0,0
2022-10-27,world cup,0,0
2022-10-29,world cup,0,0
2022-10-30,world cup,0,0
2022-10-31,world cup,0,0
2022-11-01,world cup,0,0
2022-11-02,world cup,0,0
2022-11-03,world cup,0,0
2022-11-04,world cup,0,0
2022-11-05,world cup,0,0
2022-11-06,world cup,0,0
2022-11-09,world cup,0,0
2022-11-10,world cup,0,0
2022-11-13,world cup,0,0
2023-01-03,sri lanka tour of india,0,0
2023-01-05,sri lanka tour of india,0,0
2023-01-07,sri lanka tour of india,0,0
2023-01-10,sri lanka tour of india,0,0
2023-01-12,sri lanka tour of india,0,0
2023-01-15,sri lanka tour of india,0,0
2023-01-18,new zealand tour of india,0,0
2023-01-21,new zealand tour of india,0,0
2023-01-24,new zealand tour of india,0,0
2023-01-27,new zealand tour of india,0,0
2023-01-29,new zealand tour of india,0,0
2023-02-01,new zealand tour of india,0,0
2023-02-09,australia tour of india,0,0
2023-02-10,australia tour of india,0,0
2023-02-11,australia tour of india,0,0
2023-02-12,australia tour of india,0,0
2023-02-13,australia tour of india,0,0
2023-02-17,australia tour of india,0,0
2023-02-18,australia tour of india,0,0
2023-02-19,australia tour of india,0,0
2023-02-20,australia tour of india,0,0
2023-02-21,australia tour of india,0,0
2023-03-01,australia tour of india,0,0
2023-03-02,australia tour of india,0,0
2023-03-03,australia tour of india,0,0
2023-03-04,australia tour of india,0,0
2023-03-05,australia tour of india,0,0
2023-03-09,australia tour of india,0,0
2023-03-10,australia tour of india,0,0
2023-03-11,australia tour of india,0,0
2023-03-12,australia tour of india,0,0
2023-03-13,australia tour of india,0,0
2023-03-17,australia tour of india,0,0
2023-03-19,australia tour of india,0,0
2023-03-22,australia tour of india,0,0
2023-09-02,asia cup,0,0
2023-09-03,asia cup,0,0
2023-09-05,asia cup,0,0
2023-09-06,asia cup,0,0
2023-09-07,asia cup,0,0
2023-09-08,asia cup,0,0
2023-09-09,asia cup,0,0
2023-09-10,asia cup,0,0
2023-09-12,asia cup,0,0
2023-09-13,asia cup,0,0
2023-09-14,asia cup,0,0
2023-09-15,asia cup,0,0
2023-09-17,asia cup,0,0
2023-10-10,cricket world cup,0,0
2023-10-11,cricket world cup,0,0
2023-10-12,cricket world cup,0,0
2023-10-13,cricket world cup,0,0
2023-10-14,cricket world cup,0,0
2023-10-15,cricket world cup,0,0
2023-10-16,cricket world cup,0,0
2023-10-17,cricket world cup,0,0
2023-10-18,cricket world cup,0,0
2023-10-19,cricket world cup,0,0
2023-10-20,cricket world cup,0,0
2023-10-21,cricket world cup,0,0
2023-10-22,cricket world cup,0,0
2023-10-23,cricket world cup,0,0
2023-10-24,cricket world cup,0,0
2023-10-25,cricket world cup,0,0
2023-10-26,cricket world cup,0,0
2023-10-27,cricket world cup,0,0
2023-10-28,cricket world cup,0,0
2023-10-29,cricket world cup,0,0
2023-10-30,cricket world cup,0,0
2023-10-31,cricket world cup,0,0
2023-11-01,cricket world cup,0,0
2023-11-02,cricket world cup,0,0
2023-11-03,cricket world cup,0,0
2023-11-04,cricket world cup,0,0
2023-11-05,cricket world cup,0,0
2023-11-06,cricket world cup,0,0
2023-11-07,cricket world cup,0,0
2023-11-08,cricket world cup,0,0
2023-11-09,cricket world cup,0,0
2023-11-10,cricket world cup,0,0
2023-11-11,cricket world cup,0,0
2023-11-12,cricket world cup,0,0
2023-11-13,cricket world cup,0,0
2023-11-14,cricket world cup,0,0
2023-11-15,cricket world cup,0,0
2023-11-16,cricket world cup,0,0
2023-11-17,cricket world cup,0,0
2023-11-18,cricket world cup,0,0
2023-11-21,cricket world cup,0,0
2023-11-23,cricket world cup,0,0
2023-11-26,cricket world cup,0,0
2019-03-23,avod,0,0
2019-03-24,avod,0,0
2019-03-25,avod,0,0
2019-03-26,avod,0,0
2019-03-27,avod,0,0
2019-03-28,avod,0,0
2019-03-29,avod,0,0
2019-03-30,avod,0,0
2019-03-31,avod,0,0
2019-04-01,avod,0,0
2019-04-02,avod,0,0
2019-04-03,avod,0,0
2019-04-04,avod,0,0
2019-04-05,avod,0,0
2019-04-06,avod,0,0
2019-04-07,avod,0,0
2019-04-08,avod,0,0
2019-04-09,avod,0,0
2019-04-10,avod,0,0
2019-04-11,avod,0,0
2019-04-12,avod,0,0
2019-04-13,avod,0,0
2019-04-14,avod,0,0
2019-04-15,avod,0,0
2019-04-16,avod,0,0
2019-04-17,avod,0,0
2019-04-18,avod,0,0
2019-04-19,avod,0,0
2019-04-20,avod,0,0
2019-04-21,avod,0,0
2019-04-22,avod,0,0
2019-04-23,avod,0,0
2019-04-24,avod,0,0
2019-04-25,avod,0,0
2019-04-26,avod,0,0
2019-04-27,avod,0,0
2019-04-28,avod,0,0
2019-04-29,avod,0,0
2019-04-30,avod,0,0
2019-05-01,avod,0,0
2019-05-02,avod,0,0
2019-05-03,avod,0,0
2019-05-04,avod,0,0
2019-05-05,avod,0,0
2019-05-07,avod,0,0
2019-05-08,avod,0,0
2019-05-10,avod,0,0
2019-05-12,avod,0,0
2019-05-30,avod,0,0
2019-05-31,avod,0,0
2019-06-01,avod,0,0
2019-06-02,avod,0,0
2019-06-03,avod,0,0
2019-06-04,avod,0,0
2019-06-05,avod,0,0
2019-06-06,avod,0,0
2019-06-08,avod,0,0
2019-06-09,avod,0,0
2019-06-10,avod,0,0
2019-06-12,avod,0,0
2019-06-14,avod,0,0
2019-06-15,avod,0,0
2019-06-16,avod,0,0
2019-06-17,avod,0,0
2019-06-18,avod,0,0
2019-06-19,avod,0,0
2019-06-20,avod,0,0
2019-06-21,avod,0,0
2019-06-22,avod,0,0
2019-06-23,avod,0,0
2019-06-24,avod,0,0
2019-06-25,avod,0,0
2019-06-26,avod,0,0
2019-06-27,avod,0,0
2019-06-28,avod,0,0
2019-06-29,avod,0,0
2019-06-30,avod,0,0
2019-07-01,avod,0,0
2019-07-02,avod,0,0
2019-07-03,avod,0,0
2019-07-04,avod,0,0
2019-07-05,avod,0,0
2019-07-06,avod,0,0
2019-07-09,avod,0,0
2019-07-10,avod,0,0
2019-07-11,avod,0,0
2019-07-14,avod,0,0
2019-12-06,avod,0,0
2019-12-08,avod,0,0
2019-12-11,avod,0,0
2019-12-15,avod,0,0
2019-12-18,avod,0,0
2019-12-22,avod,0,0
2020-01-14,avod,0,0
2020-01-17,avod,0,0
2020-01-19,avod,0,0
2020-01-24,avod,0,0
2020-01-26,avod,0,0
2020-01-29,avod,0,0
2020-01-31,avod,0,0
2020-02-02,avod,0,0
2020-02-05,avod,0,0
2020-02-08,avod,0,0
2020-02-11,avod,0,0
2020-09-19,svod,0,0
2020-09-20,svod,0,0
2020-09-21,svod,0,0
2020-09-22,svod,0,0
2020-09-23,svod,0,0
2020-09-24,svod,0,0
2020-09-25,svod,0,0
2020-09-26,svod,0,0
2020-09-27,svod,0,0
2020-09-28,svod,0,0
2020-09-29,svod,0,0
2020-09-30,svod,0,0
2020-10-01,svod,0,0
2020-10-02,svod,0,0
2020-10-03,svod,0,0
2020-10-04,svod,0,0
2020-10-05,svod,0,0
2020-10-06,svod,0,0
2020-10-07,svod,0,0
2020-10-08,svod,0,0
2020-10-09,svod,0,0
2020-10-10,svod,0,0
2020-10-11,svod,0,0
2020-10-12,svod,0,0
2020-10-13,svod,0,0
2020-10-14,svod,0,0
2020-10-15,svod,0,0
2020-10-16,svod,0,0
2020-10-17,svod,0,0
2020-10-18,svod,0,0
2020-10-19,svod,0,0
2020-10-20,svod,0,0
2020-10-21,svod,0,0
2020-10-22,svod,0,0
2020-10-23,svod,0,0
2020-10-24,svod,0,0
2020-10-25,svod,0,0
2020-10-26,svod,0,0
2020-10-27,svod,0,0
2020-10-28,svod,0,0
2020-10-29,svod,0,0
2020-10-30,svod,0,0
2020-10-31,svod,0,0
2020-11-01,svod,0,0
2020-11-02,svod,0,0
2020-11-03,svod,0,0
2020-11-05,svod,0,0
2020-11-06,svod,0,0
2020-11-08,svod,0,0
2020-11-10,svod,0,0
2021-02-05,svod,0,0
2021-02-06,svod,0,0
2021-02-07,svod,0,0
2021-02-08,svod,0,0
2021-02-09,svod,0,0
2021-02-13,svod,0,0
2021-02-14,svod,0,0
2021-02-15,svod,0,0
2021-02-16,svod,0,0
2021-02-24,svod,0,0
2021-02-25,svod,0,0
2021-03-04,svod,0,0
2021-03-05,svod,0,0
2021-03-06,svod,0,0
2021-03-12,svod,0,0
2021-03-14,svod,0,0
2021-03-16,svod,0,0
2021-03-18,svod,0,0
2021-03-20,svod,0,0
2021-03-23,svod,0,0
2021-03-26,svod,0,0
2021-03-28,svod,0,0
2021-04-09,svod,0,0
2021-04-10,svod,0,0
2021-04-11,svod,0,0
2021-04-12,svod,0,0
2021-04-13,svod,0,0
2021-04-14,svod,0,0
2021-04-15,svod,0,0
2021-04-16,svod,0,0
2021-04-17,svod,0,0
2021-04-18,svod,0,0
2021-04-19,svod,0,0
2021-04-20,svod,0,0
2021-04-21,svod,0,0
2021-04-22,svod,0,0
2021-04-23,svod,0,0
2021-04-24,svod,0,0
2021-04-25,svod,0,0
2021-04-26,svod,0,0
2021-04-27,svod,0,0
2021-04-28,svod,0,0
2021-04-29,svod,0,0
2021-04-30,svod,0,0
2021-05-01,svod,0,0
2021-05-02,svod,0,0
2021-05-03,svod,0,0
2021-09-19,svod,0,0
2021-09-20,svod,0,0
2021-09-21,svod,0,0
2021-09-22,svod,0,0
2021-09-23,svod,0,0
2021-09-24,svod,0,0
2021-09-25,svod,0,0
2021-09-26,svod,0,0
2021-09-27,svod,0,0
2021-09-28,svod,0,0
2021-09-29,svod,0,0
2021-09-30,svod,0,0
2021-10-01,svod,0,0
2021-10-02,svod,0,0
2021-10-03,svod,0,0
2021-10-04,svod,0,0
2021-10-05,svod,0,0
2021-10-06,svod,0,0
2021-10-07,svod,0,0
2021-10-08,svod,0,0
2021-10-10,svod,0,0
2021-10-11,svod,0,0
2021-10-13,svod,0,0
2021-10-15,svod,0,0
2021-10-17,svod,0,0
2021-10-18,svod,0,0
2021-10-19,svod,0,0
2021-10-20,svod,0,0
2021-10-21,svod,0,0
2021-10-22,svod,0,0
2021-10-23,svod,0,0
2021-10-24,svod,0,0
2021-10-25,svod,0,0
2021-10-26,svod,0,0
2021-10-27,svod,0,0
2021-10-28,svod,0,0
2021-10-29,svod,0,0
2021-10-30,svod,0,0
2021-10-31,svod,0,0
2021-11-01,svod,0,0
2021-11-02,svod,0,0
2021-11-03,svod,0,0
2021-11-04,svod,0,0
2021-11-05,svod,0,0
2021-11-06,svod,0,0
2021-11-07,svod,0,0
2021-11-08,svod,0,0
2021-11-10,svod,0,0
2021-11-11,svod,0,0
2021-11-14,svod,0,0
2022-02-06,svod,0,0
2022-02-09,svod,0,0
2022-02-11,svod,0,0
2022-02-16,svod,0,0
2022-02-18,svod,0,0
2022-02-20,svod,0,0
2022-03-26,svod,0,0
2022-03-27,svod,0,0
2022-03-28,svod,0,0
2022-03-29,svod,0,0
2022-03-30,svod,0,0
2022-03-31,svod,0,0
2022-04-01,svod,0,0
2022-04-02,svod,0,0
2022-04-03,svod,0,0
2022-04-04,svod,0,0
2022-04-05,svod,0,0
2022-04-06,svod,0,0
2022-04-07,svod,0,0
2022-04-08,svod,0,0
2022-04-09,svod,0,0
2022-04-10,svod,0,0
2022-04-11,svod,0,0
2022-04-12,svod,0,0
2022-04-13,svod,0,0
2022-04-14,svod,0,0
2022-04-15,svod,0,0
2022-04-16,svod,0,0
2022-04-17,svod,0,0
2022-04-18,svod,0,0
2022-04-19,svod,0,0
2022-04-20,svod,0,0
2022-04-21,svod,0,0
2022-04-22,svod,0,0
2022-04-23,svod,0,0
2022-04-24,svod,0,0
2022-04-25,svod,0,0
2022-04-26,svod,0,0
2022-04-27,svod,0,0
2022-04-28,svod,0,0
2022-04-29,svod,0,0
2022-04-30,svod,0,0
2022-05-01,svod,0,0
2022-05-02,svod,0,0
2022-05-03,svod,0,0
2022-05-04,svod,0,0
2022-05-05,svod,0,0
2022-05-06,svod,0,0
2022-05-07,svod,0,0
2022-05-08,svod,0,0
2022-05-09,svod,0,0
2022-05-10,svod,0,0
2022-05-11,svod,0,0
2022-05-12,svod,0,0
2022-05-13,svod,0,0
2022-05-14,svod,0,0
2022-05-15,svod,0,0
2022-05-16,svod,0,0
2022-05-17,svod,0,0
2022-05-18,svod,0,0
2022-05-19,svod,0,0
2022-05-20,svod,0,0
2022-05-21,svod,0,0
2022-05-22,svod,0,0
2022-05-24,svod,0,0
2022-05-25,svod,0,0
2022-05-27,svod,0,0
2022-05-29,svod,0,0
2022-06-09,svod,0,0
2022-06-12,svod,0,0
2022-06-14,svod,0,0
2022-06-17,svod,0,0
2022-06-19,svod,0,0
2022-08-27,svod,0,0
2022-08-28,svod,0,0
2022-08-30,svod,0,0
2022-08-31,svod,0,0
2022-09-01,svod,0,0
2022-09-02,svod,0,0
2022-09-03,svod,0,0
2022-09-04,svod,0,0
2022-09-06,svod,0,0
2022-09-07,svod,0,0
2022-09-08,svod,0,0
2022-09-09,svod,0,0
2022-09-11,svod,0,0
2022-09-28,svod,0,0
2022-10-02,svod,0,0
2022-10-04,svod,0,0
2022-10-06,svod,0,0
2022-10-09,svod,0,0
2022-10-11,svod,0,0
2022-10-16,svod,0,0
2022-10-17,svod,0,0
2022-10-18,svod,0,0
2022-10-19,svod,0,0
2022-10-20,svod,0,0
2022-10-21,svod,0,0
2022-10-22,svod,0,0
2022-10-23,svod,0,0
2022-10-24,svod,0,0
2022-10-25,svod,0,0
2022-10-26,svod,0,0
2022-10-27,svod,0,0
2022-10-29,svod,0,0
2022-10-30,svod,0,0
2022-10-31,svod,0,0
2022-11-01,svod,0,0
2022-11-02,svod,0,0
2022-11-03,svod,0,0
2022-11-04,svod,0,0
2022-11-05,svod,0,0
2022-11-06,svod,0,0
2022-11-09,svod,0,0
2022-11-10,svod,0,0
2022-11-13,svod,0,0
2023-01-03,svod,0,0
2023-01-05,svod,0,0
2023-01-07,svod,0,0
2023-01-10,svod,0,0
2023-01-12,svod,0,0
2023-01-15,svod,0,0
2023-01-18,svod,0,0
2023-01-21,svod,0,0
2023-01-24,svod,0,0
2023-01-27,svod,0,0
2023-01-29,svod,0,0
2023-02-01,svod,0,0
2023-02-09,svod,0,0
2023-02-10,svod,0,0
2023-02-11,svod,0,0
2023-02-12,svod,0,0
2023-02-13,svod,0,0
2023-02-17,svod,0,0
2023-02-18,svod,0,0
2023-02-19,svod,0,0
2023-02-20,svod,0,0
2023-02-21,svod,0,0
2023-03-01,svod,0,0
2023-03-02,svod,0,0
2023-03-03,svod,0,0
2023-03-04,svod,0,0
2023-03-05,svod,0,0
2023-03-09,svod,0,0
2023-03-10,svod,0,0
2023-03-11,svod,0,0
2023-03-12,svod,0,0
2023-03-13,svod,0,0
2023-03-17,svod,0,0
2023-03-19,svod,0,0
2023-03-22,svod,0,0
2023-09-02,avod,0,0
2023-09-03,avod,0,0
2023-09-05,avod,0,0
2023-09-06,avod,0,0
2023-09-07,avod,0,0
2023-09-08,avod,0,0
2023-09-09,avod,0,0
2023-09-10,avod,0,0
2023-09-12,avod,0,0
2023-09-13,avod,0,0
2023-09-14,avod,0,0
2023-09-15,avod,0,0
2023-09-17,avod,0,0
2023-10-10,avod,0,0
2023-10-11,avod,0,0
2023-10-12,avod,0,0
2023-10-13,avod,0,0
2023-10-14,avod,0,0
2023-10-15,avod,0,0
2023-10-16,avod,0,0
2023-10-17,avod,0,0
2023-10-18,avod,0,0
2023-10-19,avod,0,0
2023-10-20,avod,0,0
2023-10-21,avod,0,0
2023-10-22,avod,0,0
2023-10-23,avod,0,0
2023-10-24,avod,0,0
2023-10-25,avod,0,0
2023-10-26,avod,0,0
2023-10-27,avod,0,0
2023-10-28,avod,0,0
2023-10-29,avod,0,0
2023-10-30,avod,0,0
2023-10-31,avod,0,0
2023-11-01,avod,0,0
2023-11-02,avod,0,0
2023-11-03,avod,0,0
2023-11-04,avod,0,0
2023-11-05,avod,0,0
2023-11-06,avod,0,0
2023-11-07,avod,0,0
2023-11-08,avod,0,0
2023-11-09,avod,0,0
2023-11-10,avod,0,0
2023-11-11,avod,0,0
2023-11-12,avod,0,0
2023-11-13,avod,0,0
2023-11-14,avod,0,0
2023-11-15,avod,0,0
2023-11-16,avod,0,0
2023-11-17,avod,0,0
2023-11-18,avod,0,0
2023-11-21,avod,0,0
2023-11-23,avod,0,0
2023-11-26,avod,0,0
2019-03-23,india_team_national_avod,0,0
2019-03-24,india_team_national_avod,0,0
2019-03-25,india_team_national_avod,0,0
2019-03-26,india_team_national_avod,0,0
2019-03-27,india_team_national_avod,0,0
2019-03-28,india_team_national_avod,0,0
2019-03-29,india_team_national_avod,0,0
2019-03-30,india_team_national_avod,0,0
2019-03-31,india_team_national_avod,0,0
2019-04-01,india_team_national_avod,0,0
2019-04-02,india_team_national_avod,0,0
2019-04-03,india_team_national_avod,0,0
2019-04-04,india_team_national_avod,0,0
2019-04-05,india_team_national_avod,0,0
2019-04-06,india_team_national_avod,0,0
2019-04-07,india_team_national_avod,0,0
2019-04-08,india_team_national_avod,0,0
2019-04-09,india_team_national_avod,0,0
2019-04-10,india_team_national_avod,0,0
2019-04-11,india_team_national_avod,0,0
2019-04-12,india_team_national_avod,0,0
2019-04-13,india_team_national_avod,0,0
2019-04-14,india_team_national_avod,0,0
2019-04-15,india_team_national_avod,0,0
2019-04-16,india_team_national_avod,0,0
2019-04-17,india_team_national_avod,0,0
2019-04-18,india_team_national_avod,0,0
2019-04-19,india_team_national_avod,0,0
2019-04-20,india_team_national_avod,0,0
2019-04-21,india_team_national_avod,0,0
2019-04-22,india_team_national_avod,0,0
2019-04-23,india_team_national_avod,0,0
2019-04-24,india_team_national_avod,0,0
2019-04-25,india_team_national_avod,0,0
2019-04-26,india_team_national_avod,0,0
2019-04-27,india_team_national_avod,0,0
2019-04-28,india_team_national_avod,0,0
2019-04-29,india_team_national_avod,0,0
2019-04-30,india_team_national_avod,0,0
2019-05-01,india_team_national_avod,0,0
2019-05-02,india_team_national_avod,0,0
2019-05-03,india_team_national_avod,0,0
2019-05-04,india_team_national_avod,0,0
2019-05-05,india_team_national_avod,0,0
2019-05-07,india_team_national_avod,0,0
2019-05-08,india_team_national_avod,0,0
2019-05-10,india_team_national_avod,0,0
2019-05-12,india_team_national_avod,0,0
2019-06-05,india_team_international_avod,0,0
2019-06-09,india_team_international_avod,0,0
2019-06-16,india_team_international_avod,0,0
2019-06-22,india_team_international_avod,0,0
2019-06-27,india_team_international_avod,0,0
2019-06-30,india_team_international_avod,0,0
2019-07-02,india_team_international_avod,0,0
2019-07-06,india_team_international_avod,0,0
2019-07-09,india_team_international_avod,0,0
2019-07-10,india_team_international_avod,0,0
2019-12-06,india_team_tour_avod,0,0
2019-12-08,india_team_tour_avod,0,0
2019-12-11,india_team_tour_avod,0,0
2019-12-15,india_team_tour_avod,0,0
2019-12-18,india_team_tour_avod,0,0
2019-12-22,india_team_tour_avod,0,0
2020-01-14,india_team_tour_avod,0,0
2020-01-17,india_team_tour_avod,0,0
2020-01-19,india_team_tour_avod,0,0
2020-01-24,india_team_tour_avod,0,0
2020-01-26,india_team_tour_avod,0,0
2020-01-29,india_team_tour_avod,0,0
2020-01-31,india_team_tour_avod,0,0
2020-02-02,india_team_tour_avod,0,0
2020-02-05,india_team_tour_avod,0,0
2020-02-08,india_team_tour_avod,0,0
2020-02-11,india_team_tour_avod,0,0
2020-09-19,india_team_national_svod,0,0
2020-09-20,india_team_national_svod,0,0
2020-09-21,india_team_national_svod,0,0
2020-09-22,india_team_national_svod,0,0
2020-09-23,india_team_national_svod,0,0
2020-09-24,india_team_national_svod,0,0
2020-09-25,india_team_national_svod,0,0
2020-09-26,india_team_national_svod,0,0
2020-09-27,india_team_national_svod,0,0
2020-09-28,india_team_national_svod,0,0
2020-09-29,india_team_national_svod,0,0
2020-09-30,india_team_national_svod,0,0
2020-10-01,india_team_national_svod,0,0
2020-10-02,india_team_national_svod,0,0
2020-10-03,india_team_national_svod,0,0
2020-10-04,india_team_national_svod,0,0
2020-10-05,india_team_national_svod,0,0
2020-10-06,india_team_national_svod,0,0
2020-10-07,india_team_national_svod,0,0
2020-10-08,india_team_national_svod,0,0
2020-10-09,india_team_national_svod,0,0
2020-10-10,india_team_national_svod,0,0
2020-10-11,india_team_national_svod,0,0
2020-10-12,india_team_national_svod,0,0
2020-10-13,india_team_national_svod,0,0
2020-10-14,india_team_national_svod,0,0
2020-10-15,india_team_national_svod,0,0
2020-10-16,india_team_national_svod,0,0
2020-10-17,india_team_national_svod,0,0
2020-10-18,india_team_national_svod,0,0
2020-10-19,india_team_national_svod,0,0
2020-10-20,india_team_national_svod,0,0
2020-10-21,india_team_national_svod,0,0
2020-10-22,india_team_national_svod,0,0
2020-10-23,india_team_national_svod,0,0
2020-10-24,india_team_national_svod,0,0
2020-10-25,india_team_national_svod,0,0
2020-10-26,india_team_national_svod,0,0
2020-10-27,india_team_national_svod,0,0
2020-10-28,india_team_national_svod,0,0
2020-10-29,india_team_national_svod,0,0
2020-10-30,india_team_national_svod,0,0
2020-10-31,india_team_national_svod,0,0
2020-11-01,india_team_national_svod,0,0
2020-11-02,india_team_national_svod,0,0
2020-11-03,india_team_national_svod,0,0
2020-11-05,india_team_national_svod,0,0
2020-11-06,india_team_national_svod,0,0
2020-11-08,india_team_national_svod,0,0
2020-11-10,india_team_national_svod,0,0
2021-02-05,india_team_tour_svod,0,0
2021-02-06,india_team_tour_svod,0,0
2021-02-07,india_team_tour_svod,0,0
2021-02-08,india_team_tour_svod,0,0
2021-02-09,india_team_tour_svod,0,0
2021-02-13,india_team_tour_svod,0,0
2021-02-14,india_team_tour_svod,0,0
2021-02-15,india_team_tour_svod,0,0
2021-02-16,india_team_tour_svod,0,0
2021-02-24,india_team_tour_svod,0,0
2021-02-25,india_team_tour_svod,0,0
2021-03-04,india_team_tour_svod,0,0
2021-03-05,india_team_tour_svod,0,0
2021-03-06,india_team_tour_svod,0,0
2021-03-12,india_team_tour_svod,0,0
2021-03-14,india_team_tour_svod,0,0
2021-03-16,india_team_tour_svod,0,0
2021-03-18,india_team_tour_svod,0,0
2021-03-20,india_team_tour_svod,0,0
2021-03-23,india_team_tour_svod,0,0
2021-03-26,india_team_tour_svod,0,0
2021-03-28,india_team_tour_svod,0,0
2021-10-24,india_team_international_svod,0,0
2021-10-31,india_team_international_svod,0,0
2021-11-03,india_team_international_svod,0,0
2021-11-05,india_team_international_svod,0,0
2021-11-08,india_team_international_svod,0,0
2022-02-06,india_team_tour_svod,0,0
2022-02-09,india_team_tour_svod,0,0
2022-02-11,india_team_tour_svod,0,0
2022-02-16,india_team_tour_svod,0,0
2022-02-18,india_team_tour_svod,0,0
2022-02-20,india_team_tour_svod,0,0
2022-03-26,india_team_national_svod,0,0
2022-03-27,india_team_national_svod,0,0
2022-05-27,india_team_national_svod,0,0
2022-05-29,india_team_national_svod,0,0
2022-06-09,india_team_tour_svod,0,0
2022-06-12,india_team_tour_svod,0,0
2022-06-14,india_team_tour_svod,0,0
2022-06-17,india_team_tour_svod,0,0
2022-06-19,india_team_tour_svod,0,0
2022-08-28,india_team_international_svod,0,0
2022-08-31,india_team_international_svod,0,0
2022-09-04,india_team_international_svod,0,0
2022-09-06,india_team_international_svod,0,0
2022-09-08,india_team_international_svod,0,0
2022-09-28,india_team_tour_svod,0,0
2022-10-02,india_team_tour_svod,0,0
2022-10-04,india_team_tour_svod,0,0
2022-10-06,india_team_tour_svod,0,0
2022-10-09,india_team_tour_svod,0,0
2022-10-11,india_team_tour_svod,0,0
2022-10-23,india_team_international_svod,0,0
2022-10-27,india_team_international_svod,0,0
2022-10-30,india_team_international_svod,0,0
2022-11-02,india_team_international_svod,0,0
2022-11-06,india_team_international_svod,0,0
2022-11-10,india_team_international_svod,0,0
2023-01-03,india_team_tour_svod,0,0
2023-01-05,india_team_tour_svod,0,0
2023-01-07,india_team_tour_svod,0,0
2023-01-10,india_team_tour_svod,0,0
2023-01-12,india_team_tour_svod,0,0
2023-01-15,india_team_tour_svod,0,0
2023-01-18,india_team_tour_svod,0,0
2023-01-21,india_team_tour_svod,0,0
2023-01-24,india_team_tour_svod,0,0
2023-01-27,india_team_tour_svod,0,0
2023-01-29,india_team_tour_svod,0,0
2023-02-01,india_team_tour_svod,0,0
2023-02-09,india_team_tour_svod,0,0
2023-02-10,india_team_tour_svod,0,0
2023-02-11,india_team_tour_svod,0,0
2023-02-12,india_team_tour_svod,0,0
2023-02-13,india_team_tour_svod,0,0
2023-02-17,india_team_tour_svod,0,0
2023-02-18,india_team_tour_svod,0,0
2023-02-19,india_team_tour_svod,0,0
2023-02-20,india_team_tour_svod,0,0
2023-02-21,india_team_tour_svod,0,0
2023-03-01,india_team_tour_svod,0,0
2023-03-02,india_team_tour_svod,0,0
2023-03-03,india_team_tour_svod,0,0
2023-03-04,india_team_tour_svod,0,0
2023-03-05,india_team_tour_svod,0,0
2023-03-09,india_team_tour_svod,0,0
2023-03-10,india_team_tour_svod,0,0
2023-03-11,india_team_tour_svod,0,0
2023-03-12,india_team_tour_svod,0,0
2023-03-13,india_team_tour_svod,0,0
2023-03-17,india_team_tour_svod,0,0
2023-03-19,india_team_tour_svod,0,0
2023-03-22,india_team_tour_svod,0,0
2023-09-03,india_team_international_avod,0,0
2023-09-06,india_team_international_avod,0,0
2023-09-12,india_team_international_avod,0,0
2023-09-14,india_team_international_avod,0,0
2023-10-16,india_team_international_avod,0,0
2023-10-21,india_team_international_avod,0,0
2023-10-25,india_team_international_avod,0,0
2023-10-28,india_team_international_avod,0,0
2023-11-03,india_team_international_avod,0,0
2023-11-08,india_team_international_avod,0,0
2023-11-11,india_team_international_avod,0,0
2023-11-13,india_team_international_avod,0,0
2023-11-17,india_team_international_avod,0,0
